<?xml version = '1.0' encoding = 'UTF-8'?>
<Table class="oracle.dbtools.crest.model.design.relational.Table" directorySegmentName="seg_0" id="5AF213E1-069D-37A3-F5A2-B845183B945F" name="TRUCK">
<createdBy>sheandefonseka</createdBy>
<createdTime>2023-05-03 03:12:57 UTC</createdTime>
<generatorID>A9956EA8-B804-5E5B-842A-808E9D77D48E</generatorID>
<ownerDesignName>cui_oraclemodel</ownerDesignName>
<allowColumnReorder>false</allowColumnReorder>
<existDependencyGenerateInDDl>true</existDependencyGenerateInDDl>
<parsed>true</parsed>
<columns itemClass="oracle.dbtools.crest.model.design.relational.Column">
<Column name="truck_vin" id="BBCED548-0CCF-A00E-DE35-F9FED3C600AC">
<createdBy>sheandefonseka</createdBy>
<createdTime>2023-05-03 03:12:57 UTC</createdTime>
<commentInRDBMS><![CDATA[truck vin, which is unique.]]></commentInRDBMS>
<generatorID>E1015330-02C4-7FE4-51D5-26A815ED2949</generatorID>
<ownerDesignName>cui_oraclemodel</ownerDesignName>
<useDomainConstraints>false</useDomainConstraints>
<use>1</use>
<logicalDatatype>LOGDT024</logicalDatatype>
<dataTypeSize>50</dataTypeSize>
<ownDataTypeParameters>50,,</ownDataTypeParameters>
<autoIncrementCycle>false</autoIncrementCycle>
</Column>
<Column name="driver_number" id="72B0D5B0-8857-B919-A30E-AFBBB15B8651">
<createdBy>sheandefonseka</createdBy>
<createdTime>2023-05-03 03:12:57 UTC</createdTime>
<commentInRDBMS><![CDATA[driver number]]></commentInRDBMS>
<generatorID>C013C743-1EAE-82F5-8E09-3DA6A1D176F7</generatorID>
<ownerDesignName>cui_oraclemodel</ownerDesignName>
<useDomainConstraints>false</useDomainConstraints>
<use>1</use>
<logicalDatatype>LOGDT019</logicalDatatype>
<dataTypePrecision>7</dataTypePrecision>
<ownDataTypeParameters>,7,</ownDataTypeParameters>
<autoIncrementCycle>false</autoIncrementCycle>
</Column>
<Column name="truck_regonumber" id="BB2C7ED1-E6BC-35D7-6B94-7CF57705567B">
<createdBy>sheandefonseka</createdBy>
<createdTime>2023-05-03 03:12:57 UTC</createdTime>
<commentInRDBMS><![CDATA[truck regonumber]]></commentInRDBMS>
<generatorID>B8375597-5B4B-1011-F628-1A904F041D5F</generatorID>
<ownerDesignName>cui_oraclemodel</ownerDesignName>
<useDomainConstraints>false</useDomainConstraints>
<use>1</use>
<logicalDatatype>LOGDT019</logicalDatatype>
<dataTypePrecision>9</dataTypePrecision>
<ownDataTypeParameters>,9,</ownDataTypeParameters>
<autoIncrementCycle>false</autoIncrementCycle>
</Column>
<Column name="truck_made" id="987C63CD-C121-EAFC-8A1B-337A3B53C585">
<createdBy>sheandefonseka</createdBy>
<createdTime>2023-05-03 03:12:57 UTC</createdTime>
<commentInRDBMS><![CDATA[truck made]]></commentInRDBMS>
<generatorID>8ED94323-80D5-25B2-52B1-EF3AA794A197</generatorID>
<ownerDesignName>cui_oraclemodel</ownerDesignName>
<useDomainConstraints>false</useDomainConstraints>
<use>1</use>
<logicalDatatype>LOGDT024</logicalDatatype>
<dataTypeSize>50</dataTypeSize>
<ownDataTypeParameters>50,,</ownDataTypeParameters>
<autoIncrementCycle>false</autoIncrementCycle>
</Column>
<Column name="truck_made_1" id="D2A0AC28-D590-21F7-95D3-08FAF400A6A1">
<createdBy>sheandefonseka</createdBy>
<createdTime>2023-05-03 03:12:57 UTC</createdTime>
<commentInRDBMS><![CDATA[truck made]]></commentInRDBMS>
<generatorID>59CF080A-F18B-28B4-6992-3375253BAD77</generatorID>
<ownerDesignName>cui_oraclemodel</ownerDesignName>
<useDomainConstraints>false</useDomainConstraints>
<use>1</use>
<logicalDatatype>LOGDT024</logicalDatatype>
<dataTypeSize>50</dataTypeSize>
<ownDataTypeParameters>50,,</ownDataTypeParameters>
<autoIncrementCycle>false</autoIncrementCycle>
</Column>
<Column name="truck_year" id="95AF766C-A4D7-D6AC-F656-E297B57C9894">
<createdBy>sheandefonseka</createdBy>
<createdTime>2023-05-03 03:12:57 UTC</createdTime>
<commentInRDBMS><![CDATA[truck year]]></commentInRDBMS>
<generatorID>1D304471-8D8A-3591-E954-1438EF043EDE</generatorID>
<ownerDesignName>cui_oraclemodel</ownerDesignName>
<useDomainConstraints>false</useDomainConstraints>
<use>1</use>
<logicalDatatype>LOGDT007</logicalDatatype>
<ownDataTypeParameters>,,</ownDataTypeParameters>
<autoIncrementCycle>false</autoIncrementCycle>
</Column>
</columns>
<indexes itemClass="oracle.dbtools.crest.model.design.relational.Index">
<ind_PK_UK id="02B8E604-47F5-0D54-1A03-4CF33EBD78D3" name="TRUCK_PK">
<createdBy>sheandefonseka</createdBy>
<createdTime>2023-05-03 03:12:57 UTC</createdTime>
<generatorID>3DD1C5F2-6D3E-FFDD-CD74-76202ABB6B42</generatorID>
<ownerDesignName>cui_oraclemodel</ownerDesignName>
<pk>true</pk>
<indexState>Primary Constraint</indexState>
<isSurrogateKey>false</isSurrogateKey>
<indexColumnUsage>
<colUsage columnID="BBCED548-0CCF-A00E-DE35-F9FED3C600AC"/>
</indexColumnUsage>
</ind_PK_UK>
</indexes>
</Table>
