<?xml version = '1.0' encoding = 'UTF-8'?>
<Table class="oracle.dbtools.crest.model.design.relational.Table" directorySegmentName="seg_0" id="65DF82BE-D667-E4E8-F237-4B79AE894550" name="LOCAL_AUTHORITY">
<createdBy>sheandefonseka</createdBy>
<createdTime>2023-05-01 07:28:07 UTC</createdTime>
<generatorID>0063B270-4DC2-1B25-CCA8-6346D35C22DF</generatorID>
<ownerDesignName>cui_oraclemodel</ownerDesignName>
<allowColumnReorder>false</allowColumnReorder>
<existDependencyGenerateInDDl>true</existDependencyGenerateInDDl>
<parsed>true</parsed>
<columns itemClass="oracle.dbtools.crest.model.design.relational.Column">
<Column name="authority_name" id="F44DFAD7-B711-88BA-2A6C-695E281FA65F">
<createdBy>sheandefonseka</createdBy>
<createdTime>2023-05-01 07:28:07 UTC</createdTime>
<commentInRDBMS><![CDATA[The local authority's name (which is unique)]]></commentInRDBMS>
<generatorID>99134BE5-66FF-F645-9B7B-3F13768DFE19</generatorID>
<ownerDesignName>cui_oraclemodel</ownerDesignName>
<useDomainConstraints>false</useDomainConstraints>
<use>1</use>
<logicalDatatype>LOGDT024</logicalDatatype>
<dataTypeSize>35</dataTypeSize>
<ownDataTypeParameters>35,,</ownDataTypeParameters>
<autoIncrementCycle>false</autoIncrementCycle>
</Column>
<Column name="authority_ceo_fname" id="290500B1-B469-935A-0A25-0FFFFE0F7843">
<createdBy>sheandefonseka</createdBy>
<createdTime>2023-05-01 07:28:07 UTC</createdTime>
<commentInRDBMS><![CDATA[CEO's first name ]]></commentInRDBMS>
<generatorID>18290978-61EA-EEE7-EF6C-E9C17DDEBE6D</generatorID>
<ownerDesignName>cui_oraclemodel</ownerDesignName>
<useDomainConstraints>false</useDomainConstraints>
<use>1</use>
<logicalDatatype>LOGDT024</logicalDatatype>
<dataTypeSize>25</dataTypeSize>
<ownDataTypeParameters>25,,</ownDataTypeParameters>
<autoIncrementCycle>false</autoIncrementCycle>
</Column>
<Column name="authority_ceo_lname" id="3799773B-62A9-DDCE-8C2E-A495E3B14350">
<createdBy>sheandefonseka</createdBy>
<createdTime>2023-05-01 07:28:07 UTC</createdTime>
<commentInRDBMS><![CDATA[CEO's last name ]]></commentInRDBMS>
<generatorID>3232732A-D424-DC1B-FF8C-2038F4486D03</generatorID>
<ownerDesignName>cui_oraclemodel</ownerDesignName>
<useDomainConstraints>false</useDomainConstraints>
<use>1</use>
<logicalDatatype>LOGDT024</logicalDatatype>
<dataTypeSize>25</dataTypeSize>
<ownDataTypeParameters>25,,</ownDataTypeParameters>
<autoIncrementCycle>false</autoIncrementCycle>
</Column>
<Column name="authority_ceo_telephone" id="17411A00-6997-1192-576C-6E62B31CEB08">
<createdBy>sheandefonseka</createdBy>
<createdTime>2023-05-01 07:28:07 UTC</createdTime>
<commentInRDBMS><![CDATA[A contact phone number]]></commentInRDBMS>
<generatorID>B4512822-E7CF-E630-1232-D10BCBD7A864</generatorID>
<ownerDesignName>cui_oraclemodel</ownerDesignName>
<useDomainConstraints>false</useDomainConstraints>
<use>1</use>
<logicalDatatype>LOGDT024</logicalDatatype>
<dataTypeSize>15</dataTypeSize>
<ownDataTypeParameters>15,,</ownDataTypeParameters>
<autoIncrementCycle>false</autoIncrementCycle>
</Column>
<Column name="authority_total_area" id="89DC6229-9102-46D3-2A37-38AE02162E5C">
<createdBy>sheandefonseka</createdBy>
<createdTime>2023-05-01 07:28:07 UTC</createdTime>
<commentInRDBMS><![CDATA[The authority total area. Assuming it is going to be quite high, have put precision of 8. No decimal places required for this value.]]></commentInRDBMS>
<generatorID>BA0B6B3F-619B-BCA2-3885-4636D08DACFD</generatorID>
<ownerDesignName>cui_oraclemodel</ownerDesignName>
<useDomainConstraints>false</useDomainConstraints>
<use>1</use>
<logicalDatatype>LOGDT019</logicalDatatype>
<dataTypePrecision>8</dataTypePrecision>
<ownDataTypeParameters>,8,</ownDataTypeParameters>
<autoIncrementCycle>false</autoIncrementCycle>
</Column>
<Column name="authority_type" id="D9107157-CD75-8286-2886-23164F12BDDD">
<createdBy>sheandefonseka</createdBy>
<createdTime>2023-05-01 07:28:07 UTC</createdTime>
<commentInRDBMS><![CDATA[The local authority type. This is classified into fixed types (constraints).]]></commentInRDBMS>
<generatorID>EA2F5B28-0895-22A3-27D8-A8220581BD3F</generatorID>
<ownerDesignName>cui_oraclemodel</ownerDesignName>
<constraintName>chk_type</constraintName>
<useDomainConstraints>false</useDomainConstraints>
<use>1</use>
<logicalDatatype>LOGDT024</logicalDatatype>
<dataTypeSize>15</dataTypeSize>
<listOfValues>
<valueDef value="B" description="Borough"/>
<valueDef value="C" description="City"/>
<valueDef value="D" description="District Council"/>
<valueDef value="S" description="Shire"/>
<valueDef value="T" description="Town"/>
</listOfValues>
<ownDataTypeParameters>15,,</ownDataTypeParameters>
<autoIncrementCycle>false</autoIncrementCycle>
</Column>
</columns>
<indexes itemClass="oracle.dbtools.crest.model.design.relational.Index">
<ind_PK_UK id="10B0E8CD-E9FD-4FA3-5266-CCD25309E47C" name="LOCAL_AUTHORITY_PK">
<createdBy>sheandefonseka</createdBy>
<createdTime>2023-05-01 07:28:07 UTC</createdTime>
<generatorID>2ECE0CA7-70BF-540D-D521-F68399396EC2</generatorID>
<ownerDesignName>cui_oraclemodel</ownerDesignName>
<pk>true</pk>
<indexState>Primary Constraint</indexState>
<isSurrogateKey>false</isSurrogateKey>
<indexColumnUsage>
<colUsage columnID="F44DFAD7-B711-88BA-2A6C-695E281FA65F"/>
</indexColumnUsage>
</ind_PK_UK>
</indexes>
</Table>
