<?xml version = '1.0' encoding = 'UTF-8'?>
<Table class="oracle.dbtools.crest.model.design.relational.Table" directorySegmentName="seg_0" id="F8879983-2C37-7892-D7D5-24EEC99F771C" name="INFORMATION">
<createdBy>sheandefonseka</createdBy>
<createdTime>2023-05-03 03:12:57 UTC</createdTime>
<generatorID>32E30795-AB46-CF96-4D55-5CFA2A85EEE5</generatorID>
<ownerDesignName>cui_oraclemodel</ownerDesignName>
<allowColumnReorder>false</allowColumnReorder>
<existDependencyGenerateInDDl>true</existDependencyGenerateInDDl>
<parsed>true</parsed>
<columns itemClass="oracle.dbtools.crest.model.design.relational.Column">
<Column name="licence_number" id="7262FE86-17B4-6FB5-358E-B1AC7227E7E3">
<createdBy>sheandefonseka</createdBy>
<createdTime>2023-05-03 03:12:57 UTC</createdTime>
<commentInRDBMS><![CDATA[licence number]]></commentInRDBMS>
<generatorID>F1005863-8630-0C3C-69ED-8872C1C8BB80</generatorID>
<ownerDesignName>cui_oraclemodel</ownerDesignName>
<useDomainConstraints>false</useDomainConstraints>
<use>1</use>
<logicalDatatype>LOGDT019</logicalDatatype>
<dataTypePrecision>9</dataTypePrecision>
<ownDataTypeParameters>,9,</ownDataTypeParameters>
<autoIncrementCycle>false</autoIncrementCycle>
</Column>
<Column name="licence_givname" id="1828E67A-63A3-CC68-C42D-3A073C190A29">
<createdBy>sheandefonseka</createdBy>
<createdTime>2023-05-03 03:12:57 UTC</createdTime>
<commentInRDBMS><![CDATA[licence_givname]]></commentInRDBMS>
<generatorID>066AC3B3-25DA-ECB7-A6F5-DA98310D8C1A</generatorID>
<ownerDesignName>cui_oraclemodel</ownerDesignName>
<useDomainConstraints>false</useDomainConstraints>
<use>1</use>
<logicalDatatype>LOGDT024</logicalDatatype>
<dataTypeSize>35</dataTypeSize>
<ownDataTypeParameters>35,,</ownDataTypeParameters>
<autoIncrementCycle>false</autoIncrementCycle>
</Column>
<Column name="licence_famname" id="10E07B9D-AE15-F01B-9DD6-BC518DAE85DA">
<createdBy>sheandefonseka</createdBy>
<createdTime>2023-05-03 03:12:57 UTC</createdTime>
<commentInRDBMS><![CDATA[licence famname]]></commentInRDBMS>
<generatorID>359A93F8-75EA-0E7B-5ED4-73DEEEE22570</generatorID>
<ownerDesignName>cui_oraclemodel</ownerDesignName>
<useDomainConstraints>false</useDomainConstraints>
<use>1</use>
<logicalDatatype>LOGDT024</logicalDatatype>
<dataTypeSize>35</dataTypeSize>
<ownDataTypeParameters>35,,</ownDataTypeParameters>
<autoIncrementCycle>false</autoIncrementCycle>
</Column>
<Column name="licence_dateofbirth" id="AC5517D8-EEBF-3B46-2E56-197F61CC7241">
<createdBy>sheandefonseka</createdBy>
<createdTime>2023-05-03 03:12:57 UTC</createdTime>
<commentInRDBMS><![CDATA[licence date of birth]]></commentInRDBMS>
<generatorID>120715E3-9AA9-A69D-1556-75A633F3BA4E</generatorID>
<ownerDesignName>cui_oraclemodel</ownerDesignName>
<useDomainConstraints>false</useDomainConstraints>
<use>1</use>
<logicalDatatype>LOGDT007</logicalDatatype>
<ownDataTypeParameters>,,</ownDataTypeParameters>
<autoIncrementCycle>false</autoIncrementCycle>
</Column>
<Column name="taxfile_number" id="56CABD02-0238-D3A4-7EF2-74D8BC15F4AA">
<createdBy>sheandefonseka</createdBy>
<createdTime>2023-05-03 03:12:57 UTC</createdTime>
<commentInRDBMS><![CDATA[taxfile number]]></commentInRDBMS>
<generatorID>2960CD33-C924-CE61-ECA6-EADD211670A5</generatorID>
<ownerDesignName>cui_oraclemodel</ownerDesignName>
<useDomainConstraints>false</useDomainConstraints>
<use>1</use>
<logicalDatatype>LOGDT019</logicalDatatype>
<dataTypePrecision>9</dataTypePrecision>
<ownDataTypeParameters>,9,</ownDataTypeParameters>
<autoIncrementCycle>false</autoIncrementCycle>
</Column>
</columns>
<indexes itemClass="oracle.dbtools.crest.model.design.relational.Index">
<ind_PK_UK id="E64048E6-346A-5AAA-9772-074FA4501DF2" name="INFORMATION_PK">
<createdBy>sheandefonseka</createdBy>
<createdTime>2023-05-03 03:12:57 UTC</createdTime>
<generatorID>7928A7E2-38B7-FA58-46F2-2EDFE56D540E</generatorID>
<ownerDesignName>cui_oraclemodel</ownerDesignName>
<pk>true</pk>
<indexState>Primary Constraint</indexState>
<isSurrogateKey>false</isSurrogateKey>
<indexColumnUsage>
<colUsage columnID="7262FE86-17B4-6FB5-358E-B1AC7227E7E3"/>
</indexColumnUsage>
</ind_PK_UK>
</indexes>
</Table>
