<?xml version = '1.0' encoding = 'UTF-8'?>
<Diagram class="oracle.dbtools.crest.swingui.logical.DPVLogical" name="Logical" id="2FBD2CEA-916B-D288-C4A3-C81EE614CBE1">
<createdBy>A09-Group142 </createdBy>
<modifiedBy>A09-Group142 </modifiedBy>
<createdTime>2023-05-01 05:15:34 UTC</createdTime>
<autoRoute>false</autoRoute>
<boxInbox>true</boxInbox>
<showLegend>true</showLegend>
<showLabels>true</showLabels>
<showRelAttributes>false</showRelAttributes>
<gridEnabled>false</gridEnabled>
<showGrid>false</showGrid>
<diagramColor>-1</diagramColor>
<legendAttributes>114</legendAttributes>
<display>false</display>
<notation>2</notation>
<showAllDetails>false</showAllDetails>
<showElements>true</showElements>
<objectViews>
<OView class="oracle.dbtools.crest.swingui.logical.TVEntity" oid="0063B270-4DC2-1B25-CCA8-6346D35C22DF" otype="Entity" vid="F67CD9DF-D151-886F-DA9B-4DF75994E649">
<hideElementsInCurrentOnly>false</hideElementsInCurrentOnly>
<bounds x="1803" y="324" width="249" height="132"/>
</OView>
<OView class="oracle.dbtools.crest.swingui.logical.TVEntity" oid="0F0C4333-F79A-5B68-B0A5-CCB5EE7E4E56" otype="Entity" vid="D962F3BF-41B8-0D2E-F124-1037395EB0A0">
<hideElementsInCurrentOnly>false</hideElementsInCurrentOnly>
<bounds x="1170" y="332" width="233" height="159"/>
</OView>
<OView class="oracle.dbtools.crest.swingui.logical.TVEntity" oid="3242BEDF-C18F-D06F-FFDF-5EC4D54DD4D8" otype="Entity" vid="577551E2-BEC8-C9A6-7498-93915C2680EC">
<hideElementsInCurrentOnly>false</hideElementsInCurrentOnly>
<bounds x="1159" y="749" width="235" height="113"/>
</OView>
<OView class="oracle.dbtools.crest.swingui.logical.TVEntity" oid="32E30795-AB46-CF96-4D55-5CFA2A85EEE5" otype="Entity" vid="A6C30A03-9661-EDFA-6BCD-F13142F6F593">
<hideElementsInCurrentOnly>false</hideElementsInCurrentOnly>
<bounds x="1173" y="118" width="212" height="111"/>
</OView>
<OView class="oracle.dbtools.crest.swingui.logical.TVEntity" oid="3AE5F3A8-0754-1560-FF65-4BFE8FB5F65A" otype="Entity" vid="FD4A5467-BEF0-A05E-D155-A5B908750CE4">
<hideElementsInCurrentOnly>false</hideElementsInCurrentOnly>
<bounds x="1544" y="424" width="221" height="127"/>
</OView>
<OView class="oracle.dbtools.crest.swingui.TVLegend" oid="4F438A43-88CB-4DF4-A206-F43391B5EB06" otype="Legend" vid="5C335195-A8DB-AF2C-A299-42A23E139485">
<hideElementsInCurrentOnly>false</hideElementsInCurrentOnly>
<bounds x="10" y="10" width="226" height="92"/>
</OView>
<OView class="oracle.dbtools.crest.swingui.logical.TVEntity" oid="7B353891-A115-A357-7390-25001DE36B73" otype="Entity" vid="78CB4D99-4D3C-00A6-9EED-B31B50CB0926">
<hideElementsInCurrentOnly>false</hideElementsInCurrentOnly>
<bounds x="1828" y="1103" width="227" height="112"/>
</OView>
<OView class="oracle.dbtools.crest.swingui.logical.TVEntity" oid="7FD67F22-C9F3-CAC2-F5FC-3EFC881E656A" otype="Entity" vid="DD770C1A-D2B4-94E0-8B20-5D5949A3E04A">
<hideElementsInCurrentOnly>false</hideElementsInCurrentOnly>
<bounds x="811" y="380" width="244" height="111"/>
</OView>
<OView class="oracle.dbtools.crest.swingui.logical.TVEntity" oid="8162DC2A-2EDE-483D-B2E9-75837E4E4189" otype="Entity" vid="5E2DF673-F49A-9650-799B-350D7E8F2EDD">
<hideElementsInCurrentOnly>false</hideElementsInCurrentOnly>
<bounds x="1814" y="546" width="208" height="129"/>
</OView>
<OView class="oracle.dbtools.crest.swingui.logical.TVEntity" oid="99FB12F8-1513-6608-196C-8A63DC92073E" otype="Entity" vid="9C81B917-D85F-5E39-8736-079BD9B2BC7D">
<hideElementsInCurrentOnly>false</hideElementsInCurrentOnly>
<bounds x="1524" y="717" width="258" height="113"/>
</OView>
<OView class="oracle.dbtools.crest.swingui.logical.TVEntity" oid="9D3610D3-A501-84F3-2C53-AC163AC6D6AB" otype="Entity" vid="2C1346B6-202B-7A96-94BF-0CF31850A888">
<hideElementsInCurrentOnly>false</hideElementsInCurrentOnly>
<bounds x="898" y="125" width="170" height="111"/>
</OView>
<OView class="oracle.dbtools.crest.swingui.logical.TVEntity" oid="A9956EA8-B804-5E5B-842A-808E9D77D48E" otype="Entity" vid="7A47D1AE-0A7E-B827-F82B-8E988564552C">
<hideElementsInCurrentOnly>false</hideElementsInCurrentOnly>
<bounds x="548" y="126" width="213" height="129"/>
</OView>
<OView class="oracle.dbtools.crest.swingui.logical.TVEntity" oid="A9B7BBF2-57A4-26B4-6C27-539E49885FBD" otype="Entity" vid="3874C632-9FA8-BC0A-C733-4984404D145F">
<hideElementsInCurrentOnly>false</hideElementsInCurrentOnly>
<bounds x="791" y="916" width="270" height="116"/>
</OView>
<OView class="oracle.dbtools.crest.swingui.logical.TVEntity" oid="B0234C6B-0240-4445-0681-95D915294EF7" otype="Entity" vid="4CEC25E7-5FF9-0C71-1748-CE5A0F98D7F2">
<hideElementsInCurrentOnly>false</hideElementsInCurrentOnly>
<bounds x="1449" y="895" width="273" height="158"/>
</OView>
<OView class="oracle.dbtools.crest.swingui.logical.TVEntity" oid="DB7F748E-3BAF-94C1-9036-02CC0E5FEC1F" otype="Entity" vid="30EF3902-56BB-27FC-7D0E-7F34A07CF0F0">
<hideElementsInCurrentOnly>false</hideElementsInCurrentOnly>
<bounds x="1193" y="561" width="203" height="118"/>
</OView>
<OView class="oracle.dbtools.crest.swingui.logical.TVEntity" oid="F8A38D21-21DB-1462-B774-A703B744D541" otype="Entity" vid="1C80DB9E-068B-A4AF-8EA4-E09C1AEA0E0D">
<hideElementsInCurrentOnly>false</hideElementsInCurrentOnly>
<bounds x="1817" y="893" width="232" height="112"/>
</OView>
</objectViews>
<connectors>
<Connector class="oracle.dbtools.crest.swingui.logical.TVRelation" oid="07125586-E816-EDBB-8A98-AB5CAD8A57B7" otype="Relation" vid_source="9C81B917-D85F-5E39-8736-079BD9B2BC7D" vid_target="4CEC25E7-5FF9-0C71-1748-CE5A0F98D7F2">
<hideElementsInCurrentOnly>false</hideElementsInCurrentOnly>
<backgroundColor>-16777216</backgroundColor>
<lineWidth>1</lineWidth>
<sourceLabel class="oracle.dbtools.crest.model.design.Label">
<site>0</site>
<labelBounds x="1623" y="884" width="73" height="32"/>
<noBackgroundColor>true</noBackgroundColor>
<noForegroundColor>true</noForegroundColor>
</sourceLabel>
<targetLabel class="oracle.dbtools.crest.model.design.Label">
<site>2</site>
<labelBounds x="1623" y="849" width="18" height="32"/>
<noBackgroundColor>true</noBackgroundColor>
<noForegroundColor>true</noForegroundColor>
</targetLabel>
<points>
<point x="1623" y="830"/>
<point x="1623" y="895"/>
</points>
</Connector>
<Connector class="oracle.dbtools.crest.swingui.logical.TVRelation" oid="0809F574-A0AA-8E18-EB45-7D83A90C9B25" otype="Relation" vid_source="F67CD9DF-D151-886F-DA9B-4DF75994E649" vid_target="D962F3BF-41B8-0D2E-F124-1037395EB0A0">
<hideElementsInCurrentOnly>false</hideElementsInCurrentOnly>
<backgroundColor>-16777216</backgroundColor>
<lineWidth>1</lineWidth>
<sourceLabel class="oracle.dbtools.crest.model.design.Label">
<site>0</site>
<labelBounds x="1750" y="362" width="47" height="32"/>
<noBackgroundColor>true</noBackgroundColor>
<noForegroundColor>true</noForegroundColor>
</sourceLabel>
<targetLabel class="oracle.dbtools.crest.model.design.Label">
<site>2</site>
<labelBounds x="1413" y="397" width="18" height="32"/>
<noBackgroundColor>true</noBackgroundColor>
<noForegroundColor>true</noForegroundColor>
</targetLabel>
<points>
<point x="1803" y="394"/>
<point x="1403" y="394"/>
</points>
</Connector>
<Connector class="oracle.dbtools.crest.swingui.logical.TVRelation" oid="27B63AE2-36D2-B9D4-9B2D-D61156A4206C" otype="Relation" vid_source="577551E2-BEC8-C9A6-7498-93915C2680EC" vid_target="30EF3902-56BB-27FC-7D0E-7F34A07CF0F0">
<hideElementsInCurrentOnly>false</hideElementsInCurrentOnly>
<backgroundColor>-16777216</backgroundColor>
<lineWidth>1</lineWidth>
<sourceLabel class="oracle.dbtools.crest.model.design.Label">
<site>0</site>
<labelBounds x="1293" y="701" width="74" height="34"/>
<noBackgroundColor>true</noBackgroundColor>
<noForegroundColor>true</noForegroundColor>
</sourceLabel>
<targetLabel class="oracle.dbtools.crest.model.design.Label">
<site>2</site>
<labelBounds x="1293" y="719" width="18" height="30"/>
<noBackgroundColor>true</noBackgroundColor>
<noForegroundColor>true</noForegroundColor>
</targetLabel>
<points>
<point x="1293" y="749"/>
<point x="1264" y="676"/>
</points>
</Connector>
<Connector class="oracle.dbtools.crest.swingui.logical.TVRelation" oid="382CB574-20DC-8A43-7735-C1DDF64F9FF3" otype="Relation" vid_source="D962F3BF-41B8-0D2E-F124-1037395EB0A0" vid_target="30EF3902-56BB-27FC-7D0E-7F34A07CF0F0">
<hideElementsInCurrentOnly>false</hideElementsInCurrentOnly>
<backgroundColor>-16777216</backgroundColor>
<lineWidth>1</lineWidth>
<sourceLabel class="oracle.dbtools.crest.model.design.Label">
<site>0</site>
<labelBounds x="1294" y="551" width="70" height="30"/>
<noBackgroundColor>true</noBackgroundColor>
<noForegroundColor>true</noForegroundColor>
</sourceLabel>
<targetLabel class="oracle.dbtools.crest.model.design.Label">
<site>2</site>
<labelBounds x="1294" y="517" width="18" height="30"/>
<noBackgroundColor>true</noBackgroundColor>
<noForegroundColor>true</noForegroundColor>
</targetLabel>
<points>
<point x="1294" y="491"/>
<point x="1264" y="559"/>
</points>
</Connector>
<Connector class="oracle.dbtools.crest.swingui.logical.TVRelation" oid="4541DF8E-2854-C80E-8205-0894BD15BECE" otype="Relation" vid_source="7A47D1AE-0A7E-B827-F82B-8E988564552C" vid_target="2C1346B6-202B-7A96-94BF-0CF31850A888">
<hideElementsInCurrentOnly>false</hideElementsInCurrentOnly>
<backgroundColor>-16777216</backgroundColor>
<lineWidth>1</lineWidth>
<sourceLabel class="oracle.dbtools.crest.model.design.Label">
<site>0</site>
<labelBounds x="771" y="151" width="73" height="30"/>
<noBackgroundColor>true</noBackgroundColor>
<noForegroundColor>true</noForegroundColor>
</sourceLabel>
<targetLabel class="oracle.dbtools.crest.model.design.Label">
<site>2</site>
<labelBounds x="874" y="184" width="18" height="30"/>
<noBackgroundColor>true</noBackgroundColor>
<noForegroundColor>true</noForegroundColor>
</targetLabel>
<points>
<point x="761" y="181"/>
<point x="898" y="181"/>
</points>
</Connector>
<Connector class="oracle.dbtools.crest.swingui.logical.TVRelation" oid="468E5E46-3528-A410-B8D8-FEE904FB5DB8" otype="Relation" vid_source="4CEC25E7-5FF9-0C71-1748-CE5A0F98D7F2" vid_target="3874C632-9FA8-BC0A-C733-4984404D145F">
<hideElementsInCurrentOnly>false</hideElementsInCurrentOnly>
<backgroundColor>-16777216</backgroundColor>
<lineWidth>1</lineWidth>
<sourceLabel class="oracle.dbtools.crest.model.design.Label">
<site>0</site>
<labelBounds x="1370" y="944" width="73" height="30"/>
<noBackgroundColor>true</noBackgroundColor>
<noForegroundColor>true</noForegroundColor>
</sourceLabel>
<targetLabel class="oracle.dbtools.crest.model.design.Label">
<site>2</site>
<labelBounds x="1071" y="977" width="18" height="30"/>
<noBackgroundColor>true</noBackgroundColor>
<noForegroundColor>true</noForegroundColor>
</targetLabel>
<points>
<point x="1449" y="974"/>
<point x="1061" y="974"/>
</points>
</Connector>
<Connector class="oracle.dbtools.crest.swingui.logical.TVRelation" oid="5BDB458E-EFF5-E5FF-0B8D-BB75D5139F2D" otype="Relation" vid_source="5E2DF673-F49A-9650-799B-350D7E8F2EDD" vid_target="1C80DB9E-068B-A4AF-8EA4-E09C1AEA0E0D">
<hideElementsInCurrentOnly>false</hideElementsInCurrentOnly>
<backgroundColor>-16777216</backgroundColor>
<lineWidth>1</lineWidth>
<sourceLabel class="oracle.dbtools.crest.model.design.Label">
<site>0</site>
<labelBounds x="1919" y="713" width="68" height="32"/>
<noBackgroundColor>true</noBackgroundColor>
<noForegroundColor>true</noForegroundColor>
</sourceLabel>
<targetLabel class="oracle.dbtools.crest.model.design.Label">
<site>2</site>
<labelBounds x="1919" y="839" width="18" height="32"/>
<noBackgroundColor>true</noBackgroundColor>
<noForegroundColor>true</noForegroundColor>
</targetLabel>
<points>
<point x="1919" y="675"/>
<point x="1919" y="893"/>
</points>
</Connector>
<Connector class="oracle.dbtools.crest.swingui.logical.TVRelation" oid="8C50A0D5-9AB2-5843-DBCC-E33C32C5AFCE" otype="Relation" vid_source="DD770C1A-D2B4-94E0-8B20-5D5949A3E04A" vid_target="3874C632-9FA8-BC0A-C733-4984404D145F">
<hideElementsInCurrentOnly>false</hideElementsInCurrentOnly>
<backgroundColor>-16777216</backgroundColor>
<lineWidth>1</lineWidth>
<sourceLabel class="oracle.dbtools.crest.model.design.Label">
<site>0</site>
<labelBounds x="933" y="543" width="56" height="30"/>
<noBackgroundColor>true</noBackgroundColor>
<noForegroundColor>true</noForegroundColor>
</sourceLabel>
<targetLabel class="oracle.dbtools.crest.model.design.Label">
<site>2</site>
<labelBounds x="933" y="880" width="18" height="30"/>
<noBackgroundColor>true</noBackgroundColor>
<noForegroundColor>true</noForegroundColor>
</targetLabel>
<points>
<point x="933" y="491"/>
<point x="933" y="916"/>
</points>
</Connector>
<Connector class="oracle.dbtools.crest.swingui.logical.TVRelation" oid="8D6981B4-1015-AB67-5865-5FAF727D6A98" otype="Relation" vid_source="1C80DB9E-068B-A4AF-8EA4-E09C1AEA0E0D" vid_target="4CEC25E7-5FF9-0C71-1748-CE5A0F98D7F2">
<hideElementsInCurrentOnly>false</hideElementsInCurrentOnly>
<backgroundColor>-16777216</backgroundColor>
<lineWidth>1</lineWidth>
<sourceLabel class="oracle.dbtools.crest.model.design.Label">
<site>0</site>
<labelBounds x="1771" y="918" width="40" height="32"/>
<noBackgroundColor>true</noBackgroundColor>
<noForegroundColor>true</noForegroundColor>
</sourceLabel>
<targetLabel class="oracle.dbtools.crest.model.design.Label">
<site>2</site>
<labelBounds x="1732" y="953" width="18" height="32"/>
<noBackgroundColor>true</noBackgroundColor>
<noForegroundColor>true</noForegroundColor>
</targetLabel>
<points>
<point x="1817" y="950"/>
<point x="1722" y="950"/>
</points>
</Connector>
<Connector class="oracle.dbtools.crest.swingui.logical.TVRelation" oid="AEABE323-7B2C-B7A6-9DA1-B9D55ED21E83" otype="Relation" vid_source="2C1346B6-202B-7A96-94BF-0CF31850A888" vid_target="DD770C1A-D2B4-94E0-8B20-5D5949A3E04A">
<hideElementsInCurrentOnly>false</hideElementsInCurrentOnly>
<backgroundColor>-16777216</backgroundColor>
<lineWidth>1</lineWidth>
<sourceLabel class="oracle.dbtools.crest.model.design.Label">
<site>0</site>
<labelBounds x="976" y="280" width="76" height="30"/>
<noBackgroundColor>true</noBackgroundColor>
<noForegroundColor>true</noForegroundColor>
</sourceLabel>
<targetLabel class="oracle.dbtools.crest.model.design.Label">
<site>2</site>
<labelBounds x="976" y="344" width="18" height="30"/>
<noBackgroundColor>true</noBackgroundColor>
<noForegroundColor>true</noForegroundColor>
</targetLabel>
<points>
<point x="976" y="236"/>
<point x="976" y="380"/>
</points>
</Connector>
<Connector class="oracle.dbtools.crest.swingui.logical.TVRelation" oid="C7B37BC7-4683-0B10-FAAE-86196A0242B6" otype="Relation" vid_source="577551E2-BEC8-C9A6-7498-93915C2680EC" vid_target="9C81B917-D85F-5E39-8736-079BD9B2BC7D">
<hideElementsInCurrentOnly>false</hideElementsInCurrentOnly>
<backgroundColor>-16777216</backgroundColor>
<lineWidth>1</lineWidth>
<sourceLabel class="oracle.dbtools.crest.model.design.Label">
<site>0</site>
<labelBounds x="1404" y="769" width="90" height="20"/>
<noBackgroundColor>true</noBackgroundColor>
<noForegroundColor>true</noForegroundColor>
</sourceLabel>
<targetLabel class="oracle.dbtools.crest.model.design.Label">
<site>2</site>
<labelBounds x="1500" y="792" width="18" height="32"/>
<noBackgroundColor>true</noBackgroundColor>
<noForegroundColor>true</noForegroundColor>
</targetLabel>
<points>
<point x="1394" y="789"/>
<point x="1524" y="789"/>
</points>
</Connector>
<Connector class="oracle.dbtools.crest.swingui.logical.TVRelation" oid="D2687C81-F791-266D-3949-F081BB888DDC" otype="Relation" vid_source="A6C30A03-9661-EDFA-6BCD-F13142F6F593" vid_target="2C1346B6-202B-7A96-94BF-0CF31850A888">
<hideElementsInCurrentOnly>false</hideElementsInCurrentOnly>
<backgroundColor>-16777216</backgroundColor>
<lineWidth>1</lineWidth>
<sourceLabel class="oracle.dbtools.crest.model.design.Label">
<site>0</site>
<labelBounds x="1111" y="147" width="56" height="30"/>
<noBackgroundColor>true</noBackgroundColor>
<noForegroundColor>true</noForegroundColor>
</sourceLabel>
<targetLabel class="oracle.dbtools.crest.model.design.Label">
<site>2</site>
<labelBounds x="1078" y="180" width="18" height="30"/>
<noBackgroundColor>true</noBackgroundColor>
<noForegroundColor>true</noForegroundColor>
</targetLabel>
<points>
<point x="1173" y="177"/>
<point x="1068" y="177"/>
</points>
</Connector>
<Connector class="oracle.dbtools.crest.swingui.logical.TVRelation" oid="E925E9D1-5851-F84C-58B8-CA9C3F1B21CE" otype="Relation" vid_source="1C80DB9E-068B-A4AF-8EA4-E09C1AEA0E0D" vid_target="78CB4D99-4D3C-00A6-9EED-B31B50CB0926">
<hideElementsInCurrentOnly>false</hideElementsInCurrentOnly>
<backgroundColor>-16777216</backgroundColor>
<lineWidth>1</lineWidth>
<sourceLabel class="oracle.dbtools.crest.model.design.Label">
<site>0</site>
<labelBounds x="1938" y="1051" width="63" height="32"/>
<noBackgroundColor>true</noBackgroundColor>
<noForegroundColor>true</noForegroundColor>
</sourceLabel>
<targetLabel class="oracle.dbtools.crest.model.design.Label">
<site>2</site>
<labelBounds x="1938" y="1065" width="18" height="32"/>
<noBackgroundColor>true</noBackgroundColor>
<noForegroundColor>true</noForegroundColor>
</targetLabel>
<points>
<point x="1938" y="1005"/>
<point x="1938" y="1103"/>
</points>
</Connector>
<Connector class="oracle.dbtools.crest.swingui.logical.TVRelation" oid="E9B4D9CA-80AE-1270-7B05-6B35F9E1CE53" otype="Relation" vid_source="D962F3BF-41B8-0D2E-F124-1037395EB0A0" vid_target="DD770C1A-D2B4-94E0-8B20-5D5949A3E04A">
<hideElementsInCurrentOnly>false</hideElementsInCurrentOnly>
<backgroundColor>-16777216</backgroundColor>
<lineWidth>1</lineWidth>
<sourceLabel class="oracle.dbtools.crest.model.design.Label">
<site>0</site>
<labelBounds x="1096" y="403" width="68" height="32"/>
<noBackgroundColor>true</noBackgroundColor>
<noForegroundColor>true</noForegroundColor>
</sourceLabel>
<targetLabel class="oracle.dbtools.crest.model.design.Label">
<site>2</site>
<labelBounds x="1065" y="438" width="18" height="31"/>
<noBackgroundColor>true</noBackgroundColor>
<noForegroundColor>true</noForegroundColor>
</targetLabel>
<points>
<point x="1170" y="435"/>
<point x="1055" y="435"/>
</points>
</Connector>
<Connector class="oracle.dbtools.crest.swingui.logical.TVRelation" oid="EA60650F-C791-6A98-4EDA-72F0681F0954" otype="Relation" vid_source="F67CD9DF-D151-886F-DA9B-4DF75994E649" vid_target="5E2DF673-F49A-9650-799B-350D7E8F2EDD">
<hideElementsInCurrentOnly>false</hideElementsInCurrentOnly>
<backgroundColor>-16777216</backgroundColor>
<lineWidth>1</lineWidth>
<sourceLabel class="oracle.dbtools.crest.model.design.Label">
<site>0</site>
<labelBounds x="1918" y="492" width="76" height="30"/>
<noBackgroundColor>true</noBackgroundColor>
<noForegroundColor>true</noForegroundColor>
</sourceLabel>
<targetLabel class="oracle.dbtools.crest.model.design.Label">
<site>2</site>
<labelBounds x="1918" y="502" width="18" height="30"/>
<noBackgroundColor>true</noBackgroundColor>
<noForegroundColor>true</noForegroundColor>
</targetLabel>
<points>
<point x="1918" y="456"/>
<point x="1918" y="546"/>
</points>
</Connector>
<Connector class="oracle.dbtools.crest.swingui.logical.TVRelation" oid="F355C0EA-E6EA-E177-09C7-6F0F5503EC2C" otype="Relation" vid_source="9C81B917-D85F-5E39-8736-079BD9B2BC7D" vid_target="FD4A5467-BEF0-A05E-D155-A5B908750CE4">
<hideElementsInCurrentOnly>false</hideElementsInCurrentOnly>
<backgroundColor>-16777216</backgroundColor>
<lineWidth>1</lineWidth>
<sourceLabel class="oracle.dbtools.crest.model.design.Label">
<site>0</site>
<labelBounds x="1654" y="679" width="73" height="32"/>
<noBackgroundColor>true</noBackgroundColor>
<noForegroundColor>true</noForegroundColor>
</sourceLabel>
<targetLabel class="oracle.dbtools.crest.model.design.Label">
<site>2</site>
<labelBounds x="1654" y="597" width="18" height="34"/>
<noBackgroundColor>true</noBackgroundColor>
<noForegroundColor>true</noForegroundColor>
</targetLabel>
<points>
<point x="1654" y="717"/>
<point x="1654" y="551"/>
</points>
</Connector>
<Connector class="oracle.dbtools.crest.swingui.logical.TVRelation" oid="FA23A1A3-5193-3C3D-E86F-1EB4499B6F2F" otype="Relation" vid_source="FD4A5467-BEF0-A05E-D155-A5B908750CE4" vid_target="D962F3BF-41B8-0D2E-F124-1037395EB0A0">
<hideElementsInCurrentOnly>false</hideElementsInCurrentOnly>
<backgroundColor>-16777216</backgroundColor>
<lineWidth>1</lineWidth>
<sourceLabel class="oracle.dbtools.crest.model.design.Label">
<site>0</site>
<labelBounds x="1459" y="432" width="79" height="25"/>
<noBackgroundColor>true</noBackgroundColor>
<noForegroundColor>true</noForegroundColor>
</sourceLabel>
<targetLabel class="oracle.dbtools.crest.model.design.Label">
<site>2</site>
<labelBounds x="1413" y="460" width="18" height="32"/>
<noBackgroundColor>true</noBackgroundColor>
<noForegroundColor>true</noForegroundColor>
</targetLabel>
<points>
<point x="1544" y="457"/>
<point x="1403" y="457"/>
</points>
</Connector>
</connectors>
</Diagram>
