<?xml version = '1.0' encoding = 'UTF-8'?>
<relationalModel class="oracle.dbtools.crest.model.design.relational.RelationalDesign" name="Relational_1" id="F17559B2-635A-3F8E-895F-4E562DD78296" mainViewID="E66B1F32-4474-AF07-0DBE-03C0E833D709">
<createdBy>sheandefonseka</createdBy>
<createdTime>2023-05-01 06:28:15 UTC</createdTime>
<ownerDesignName>cui_oraclemodel</ownerDesignName>
<shouldBeOpen>false</shouldBeOpen>
<selectedRDBMSSite>32076570-2523-435C-2E92-BF29817DFF70</selectedRDBMSSite>
</relationalModel>