<?xml version = '1.0' encoding = 'UTF-8'?>
<Relation class="oracle.dbtools.crest.model.design.logical.Relation" name="bin_type-bin" directorySegmentName="seg_0" id="07125586-E816-EDBB-8A98-AB5CAD8A57B7">
<createdBy>a726928</createdBy>
<createdTime>2023-05-01 10:44:51 UTC</createdTime>
<ownerDesignName>cui_oraclemodel</ownerDesignName>
<engineerTo>
<item key="F17559B2-635A-3F8E-895F-4E562DD78296" value="true"/>
</engineerTo>
<sourcePk>B307DA1F-8672-E535-7C49-E657ED07C5D4</sourcePk>
<identifying>false</identifying>
<nameOnSource>assigned_to</nameOnSource>
<nameOnTarget> </nameOnTarget>
<optionalSource>true</optionalSource>
<optionalTarget>false</optionalTarget>
<sourceCardinality>1</sourceCardinality>
<sourceEntity>99FB12F8-1513-6608-196C-8A63DC92073E</sourceEntity>
<targetCardinalityString>*</targetCardinalityString>
<targetEntity>B0234C6B-0240-4445-0681-95D915294EF7</targetEntity>
<transferable>true</transferable>
<deleteRule>NO ACTION</deleteRule>
</Relation>
