<?xml version = '1.0' encoding = 'UTF-8'?>
<Relation class="oracle.dbtools.crest.model.design.logical.Relation" name="contract-contract_collection_cost" directorySegmentName="seg_0" id="382CB574-20DC-8A43-7735-C1DDF64F9FF3">
<createdBy>sheandefonseka</createdBy>
<createdTime>2023-05-03 03:04:28 UTC</createdTime>
<ownerDesignName>cui_oraclemodel</ownerDesignName>
<engineerTo>
<item key="F17559B2-635A-3F8E-895F-4E562DD78296" value="true"/>
</engineerTo>
<sourcePk>2C3FEA99-31DF-9422-AB3F-EF34857104A3</sourcePk>
<identifying>true</identifying>
<nameOnSource>establishes</nameOnSource>
<nameOnTarget> </nameOnTarget>
<optionalSource>false</optionalSource>
<optionalTarget>false</optionalTarget>
<sourceCardinality>1</sourceCardinality>
<sourceEntity>0F0C4333-F79A-5B68-B0A5-CCB5EE7E4E56</sourceEntity>
<targetCardinalityString>*</targetCardinalityString>
<targetEntity>DB7F748E-3BAF-94C1-9036-02CC0E5FEC1F</targetEntity>
<transferable>true</transferable>
<deleteRule>NO ACTION</deleteRule>
</Relation>
