<?xml version = '1.0' encoding = 'UTF-8'?>
<Relation class="oracle.dbtools.crest.model.design.logical.Relation" name="bin-contract_waste_cost" directorySegmentName="seg_0" id="468E5E46-3528-A410-B8D8-FEE904FB5DB8">
<createdBy>sheandefonseka</createdBy>
<createdTime>2023-05-02 13:25:29 UTC</createdTime>
<ownerDesignName>cui_oraclemodel</ownerDesignName>
<engineerTo>
<item key="F17559B2-635A-3F8E-895F-4E562DD78296" value="true"/>
</engineerTo>
<sourcePk>D5CA041C-1F3E-7303-8245-0224BAB7A2FE</sourcePk>
<identifying>true</identifying>
<nameOnSource>assigned_to</nameOnSource>
<nameOnTarget> </nameOnTarget>
<optionalSource>false</optionalSource>
<optionalTarget>false</optionalTarget>
<sourceCardinality>1</sourceCardinality>
<sourceEntity>B0234C6B-0240-4445-0681-95D915294EF7</sourceEntity>
<targetCardinalityString>*</targetCardinalityString>
<targetEntity>A9B7BBF2-57A4-26B4-6C27-539E49885FBD</targetEntity>
<transferable>true</transferable>
<deleteRule>NO ACTION</deleteRule>
</Relation>
