<?xml version = '1.0' encoding = 'UTF-8'?>
<Relation class="oracle.dbtools.crest.model.design.logical.Relation" name="local_auth-street" directorySegmentName="seg_0" id="EA60650F-C791-6A98-4EDA-72F0681F0954">
<createdBy>sheandefonseka</createdBy>
<createdTime>2023-05-01 14:04:34 UTC</createdTime>
<ownerDesignName>cui_oraclemodel</ownerDesignName>
<engineerTo>
<item key="F17559B2-635A-3F8E-895F-4E562DD78296" value="true"/>
</engineerTo>
<sourcePk>2ECE0CA7-70BF-540D-D521-F68399396EC2</sourcePk>
<identifying>true</identifying>
<nameOnSource>assigned_to </nameOnSource>
<nameOnTarget> </nameOnTarget>
<optionalSource>false</optionalSource>
<optionalTarget>false</optionalTarget>
<sourceCardinality>1</sourceCardinality>
<sourceEntity>0063B270-4DC2-1B25-CCA8-6346D35C22DF</sourceEntity>
<targetCardinalityString>*</targetCardinalityString>
<targetEntity>8162DC2A-2EDE-483D-B2E9-75837E4E4189</targetEntity>
<transferable>true</transferable>
<deleteRule>NO ACTION</deleteRule>
</Relation>
