<?xml version = '1.0' encoding = 'UTF-8'?>
<Diagram class="oracle.dbtools.crest.swingui.relational.DPVRelational" name="Relational_1" id="E66B1F32-4474-AF07-0DBE-03C0E833D709">
<createdBy>sheandefonseka</createdBy>
<modifiedBy>sheandefonseka</modifiedBy>
<createdTime>2023-05-01 07:28:07 UTC</createdTime>
<autoRoute>false</autoRoute>
<boxInbox>true</boxInbox>
<showLegend>false</showLegend>
<showLabels>false</showLabels>
<showRelAttributes>false</showRelAttributes>
<gridEnabled>false</gridEnabled>
<showGrid>false</showGrid>
<diagramColor>-1</diagramColor>
<display>false</display>
<notation>1</notation>
<objectViews>
<OView class="oracle.dbtools.crest.swingui.relational.TVTable" oid="2CBD10DD-4A52-3C47-1FDE-CD6CF7B95D23" otype="Table" vid="4B2259B2-AF69-F20D-20DA-855B5EBA3DB4">
<hideElementsInCurrentOnly>false</hideElementsInCurrentOnly>
<bounds x="270" y="490" width="170" height="110"/>
</OView>
<OView class="oracle.dbtools.crest.swingui.relational.TVTable" oid="377DA377-95A0-897C-3A5D-3BB1254E7CF9" otype="Table" vid="32F63D95-B843-FE29-1255-6C3B71206EB7">
<hideElementsInCurrentOnly>false</hideElementsInCurrentOnly>
<bounds x="1524" y="717" width="258" height="113"/>
</OView>
<OView class="oracle.dbtools.crest.swingui.relational.TVTable" oid="441B1A8F-1873-DAF5-744D-AD5E99DE1BCB" otype="Table" vid="E89A94EF-E2A5-95BB-FFDA-01CF4D24AD62">
<hideElementsInCurrentOnly>false</hideElementsInCurrentOnly>
<bounds x="220" y="390" width="170" height="110"/>
</OView>
<OView class="oracle.dbtools.crest.swingui.relational.TVTable" oid="5AF213E1-069D-37A3-F5A2-B845183B945F" otype="Table" vid="6A1845E0-B85E-7B44-160A-099CFA798B39">
<hideElementsInCurrentOnly>false</hideElementsInCurrentOnly>
<bounds x="548" y="126" width="213" height="129"/>
</OView>
<OView class="oracle.dbtools.crest.swingui.relational.TVTable" oid="5E57F9BB-9695-1E24-B98A-216A90965430" otype="Table" vid="BAADD26F-912D-D3A4-331C-3C99F7670CF9">
<hideElementsInCurrentOnly>false</hideElementsInCurrentOnly>
<bounds x="1159" y="749" width="235" height="113"/>
</OView>
<OView class="oracle.dbtools.crest.swingui.relational.TVTable" oid="62FD7521-5A76-1469-DA3F-7F90F85881F4" otype="Table" vid="57F42F69-B56F-0626-DFCA-6BC9794A4BCF">
<hideElementsInCurrentOnly>false</hideElementsInCurrentOnly>
<bounds x="1193" y="561" width="203" height="118"/>
</OView>
<OView class="oracle.dbtools.crest.swingui.relational.TVTable" oid="64E96B1F-9D65-0255-612A-C6DDD1B4334C" otype="Table" vid="BF253A31-E5A2-EB3A-B746-5D10FCAC970F">
<hideElementsInCurrentOnly>false</hideElementsInCurrentOnly>
<bounds x="1544" y="424" width="221" height="127"/>
</OView>
<OView class="oracle.dbtools.crest.swingui.relational.TVTable" oid="65DF82BE-D667-E4E8-F237-4B79AE894550" otype="Table" vid="4F65E2FD-1202-2BBE-69C5-313ABD7466D9">
<hideElementsInCurrentOnly>false</hideElementsInCurrentOnly>
<bounds x="1803" y="324" width="249" height="132"/>
</OView>
<OView class="oracle.dbtools.crest.swingui.relational.TVTable" oid="74E2D9D4-F54F-1AA9-3C59-490CA6901AEC" otype="Table" vid="08B0B157-38E4-7321-25D2-8B7CD0E38B8D">
<hideElementsInCurrentOnly>false</hideElementsInCurrentOnly>
<bounds x="1817" y="893" width="232" height="112"/>
</OView>
<OView class="oracle.dbtools.crest.swingui.relational.TVTable" oid="9967AEB8-FC85-A376-A016-AC90BC0EC5F4" otype="Table" vid="25FCF03B-19B3-1B4D-A0C9-6FD7DD3B9E32">
<hideElementsInCurrentOnly>false</hideElementsInCurrentOnly>
<bounds x="791" y="916" width="270" height="116"/>
</OView>
<OView class="oracle.dbtools.crest.swingui.relational.TVTable" oid="AF35D3B8-9DFB-89C6-0EF6-6CAD55B9B193" otype="Table" vid="FB3E0BE3-D7C7-78EF-E48F-4A7688298ADF">
<hideElementsInCurrentOnly>false</hideElementsInCurrentOnly>
<bounds x="1828" y="1103" width="227" height="112"/>
</OView>
<OView class="oracle.dbtools.crest.swingui.relational.TVTable" oid="B19AFEB7-EF49-20BD-90D0-838D42AD2A3F" otype="Table" vid="05326BAF-DB6E-58E1-376B-CEB3A4B6DABA">
<hideElementsInCurrentOnly>false</hideElementsInCurrentOnly>
<bounds x="811" y="380" width="244" height="111"/>
</OView>
<OView class="oracle.dbtools.crest.swingui.relational.TVTable" oid="D639A46C-7797-B620-EFFE-4918FD4E1348" otype="Table" vid="8708D5E6-3101-ABD4-2B37-AF3479E820FF">
<hideElementsInCurrentOnly>false</hideElementsInCurrentOnly>
<bounds x="1170" y="332" width="233" height="159"/>
</OView>
<OView class="oracle.dbtools.crest.swingui.relational.TVTable" oid="E1C8A704-C323-9F23-0F9A-623D2705AD22" otype="Table" vid="6D230745-FDE7-E1B3-7652-82A34971BD5C">
<hideElementsInCurrentOnly>false</hideElementsInCurrentOnly>
<bounds x="1449" y="895" width="273" height="158"/>
</OView>
<OView class="oracle.dbtools.crest.swingui.relational.TVTable" oid="EEE74CDE-1353-03AF-DA59-A63B5DFF325C" otype="Table" vid="3FB5DC58-2424-6BAF-690B-325603715F08">
<hideElementsInCurrentOnly>false</hideElementsInCurrentOnly>
<bounds x="350" y="140" width="170" height="110"/>
</OView>
<OView class="oracle.dbtools.crest.swingui.relational.TVTable" oid="F8879983-2C37-7892-D7D5-24EEC99F771C" otype="Table" vid="612CF75E-D32C-AAFD-6E19-73D5A2750212">
<hideElementsInCurrentOnly>false</hideElementsInCurrentOnly>
<bounds x="1173" y="118" width="212" height="111"/>
</OView>
<OView class="oracle.dbtools.crest.swingui.relational.TVTable" oid="F95722BE-4046-C886-74D1-B32A187EE7A0" otype="Table" vid="0DE0FF6A-2BC6-1D4B-72BD-5FEFFE562C33">
<hideElementsInCurrentOnly>false</hideElementsInCurrentOnly>
<bounds x="1814" y="546" width="208" height="129"/>
</OView>
<OView class="oracle.dbtools.crest.swingui.relational.TVTable" oid="FFFE90E8-BA91-BCE7-6039-095A11BBC236" otype="Table" vid="579E39CC-E0F6-D35B-9876-313558167EA9">
<hideElementsInCurrentOnly>false</hideElementsInCurrentOnly>
<bounds x="898" y="125" width="170" height="111"/>
</OView>
</objectViews>
<connectors>
<Connector class="oracle.dbtools.crest.swingui.relational.TVFKRelation" oid="0F863F9B-840F-B469-966C-0820766C4349" otype="FKIndexAssociation" vid_source="8708D5E6-3101-ABD4-2B37-AF3479E820FF" vid_target="57F42F69-B56F-0626-DFCA-6BC9794A4BCF">
<hideElementsInCurrentOnly>false</hideElementsInCurrentOnly>
<backgroundColor>-16777216</backgroundColor>
<lineWidth>1</lineWidth>
<points>
<point x="1294" y="491"/>
<point x="1264" y="561"/>
</points>
</Connector>
<Connector class="oracle.dbtools.crest.swingui.relational.TVFKRelation" oid="17F7CC0F-ECD1-511C-B5E9-83655708F6CA" otype="FKIndexAssociation" vid_source="32F63D95-B843-FE29-1255-6C3B71206EB7" vid_target="6D230745-FDE7-E1B3-7652-82A34971BD5C">
<hideElementsInCurrentOnly>false</hideElementsInCurrentOnly>
<backgroundColor>-16777216</backgroundColor>
<lineWidth>1</lineWidth>
<points>
<point x="1629" y="830"/>
<point x="1629" y="895"/>
</points>
</Connector>
<Connector class="oracle.dbtools.crest.swingui.relational.TVFKRelation" oid="352C84AC-EA4E-3CF4-05D7-CDDDB975D28E" otype="FKIndexAssociation" vid_source="6A1845E0-B85E-7B44-160A-099CFA798B39" vid_target="4B2259B2-AF69-F20D-20DA-855B5EBA3DB4">
<hideElementsInCurrentOnly>false</hideElementsInCurrentOnly>
<backgroundColor>-16777216</backgroundColor>
<lineWidth>1</lineWidth>
<points>
<point x="600" y="255"/>
<point x="401" y="490"/>
</points>
</Connector>
<Connector class="oracle.dbtools.crest.swingui.relational.TVFKRelation" oid="4166D80E-9F87-787F-B4C5-175DF5811D0A" otype="FKIndexAssociation" vid_source="579E39CC-E0F6-D35B-9876-313558167EA9" vid_target="05326BAF-DB6E-58E1-376B-CEB3A4B6DABA">
<hideElementsInCurrentOnly>false</hideElementsInCurrentOnly>
<backgroundColor>-16777216</backgroundColor>
<lineWidth>1</lineWidth>
<points>
<point x="976" y="236"/>
<point x="976" y="380"/>
</points>
</Connector>
<Connector class="oracle.dbtools.crest.swingui.relational.TVFKRelation" oid="41F1D9E2-2524-1564-6D61-533F6D5A150E" otype="FKIndexAssociation" vid_source="0DE0FF6A-2BC6-1D4B-72BD-5FEFFE562C33" vid_target="08B0B157-38E4-7321-25D2-8B7CD0E38B8D">
<hideElementsInCurrentOnly>false</hideElementsInCurrentOnly>
<backgroundColor>-16777216</backgroundColor>
<lineWidth>1</lineWidth>
<points>
<point x="1919" y="675"/>
<point x="1919" y="893"/>
</points>
</Connector>
<Connector class="oracle.dbtools.crest.swingui.relational.TVFKRelation" oid="4DCD2558-26E6-410B-8D31-2C4CA67137A0" otype="FKIndexAssociation" vid_source="4F65E2FD-1202-2BBE-69C5-313ABD7466D9" vid_target="0DE0FF6A-2BC6-1D4B-72BD-5FEFFE562C33">
<hideElementsInCurrentOnly>false</hideElementsInCurrentOnly>
<backgroundColor>-16777216</backgroundColor>
<lineWidth>1</lineWidth>
<points>
<point x="1803" y="324"/>
<point x="1814" y="546"/>
</points>
</Connector>
<Connector class="oracle.dbtools.crest.swingui.relational.TVFKRelation" oid="5CCEA50E-4DF8-C630-B077-518D7DDF947A" otype="FKIndexAssociation" vid_source="8708D5E6-3101-ABD4-2B37-AF3479E820FF" vid_target="BF253A31-E5A2-EB3A-B746-5D10FCAC970F">
<hideElementsInCurrentOnly>false</hideElementsInCurrentOnly>
<backgroundColor>-16777216</backgroundColor>
<lineWidth>1</lineWidth>
<points>
<point x="1403" y="457"/>
<point x="1544" y="457"/>
</points>
</Connector>
<Connector class="oracle.dbtools.crest.swingui.relational.TVFKRelation" oid="7D723B5A-F312-82BF-4B48-6F9C17E23C50" otype="FKIndexAssociation" vid_source="05326BAF-DB6E-58E1-376B-CEB3A4B6DABA" vid_target="25FCF03B-19B3-1B4D-A0C9-6FD7DD3B9E32">
<hideElementsInCurrentOnly>false</hideElementsInCurrentOnly>
<backgroundColor>-16777216</backgroundColor>
<lineWidth>1</lineWidth>
<points>
<point x="933" y="491"/>
<point x="933" y="916"/>
</points>
</Connector>
<Connector class="oracle.dbtools.crest.swingui.relational.TVFKRelation" oid="93B4BAB8-108F-8026-FB50-5644C361C59C" otype="FKIndexAssociation" vid_source="4F65E2FD-1202-2BBE-69C5-313ABD7466D9" vid_target="0DE0FF6A-2BC6-1D4B-72BD-5FEFFE562C33">
<hideElementsInCurrentOnly>false</hideElementsInCurrentOnly>
<backgroundColor>-16777216</backgroundColor>
<lineWidth>1</lineWidth>
<points>
<point x="1918" y="456"/>
<point x="1918" y="546"/>
</points>
</Connector>
<Connector class="oracle.dbtools.crest.swingui.relational.TVFKRelation" oid="93C480EE-C5FF-7760-1CAD-B7BC40BF1E1D" otype="FKIndexAssociation" vid_source="612CF75E-D32C-AAFD-6E19-73D5A2750212" vid_target="579E39CC-E0F6-D35B-9876-313558167EA9">
<hideElementsInCurrentOnly>false</hideElementsInCurrentOnly>
<backgroundColor>-16777216</backgroundColor>
<lineWidth>1</lineWidth>
<points>
<point x="1173" y="177"/>
<point x="1068" y="177"/>
</points>
</Connector>
<Connector class="oracle.dbtools.crest.swingui.relational.TVFKRelation" oid="9465E021-E851-2171-5340-C561B7102F43" otype="FKIndexAssociation" vid_source="05326BAF-DB6E-58E1-376B-CEB3A4B6DABA" vid_target="E89A94EF-E2A5-95BB-FFDA-01CF4D24AD62">
<hideElementsInCurrentOnly>false</hideElementsInCurrentOnly>
<backgroundColor>-16777216</backgroundColor>
<lineWidth>1</lineWidth>
<points>
<point x="811" y="455"/>
<point x="390" y="455"/>
</points>
</Connector>
<Connector class="oracle.dbtools.crest.swingui.relational.TVFKRelation" oid="958BD15F-BC3D-5D76-C018-E130270CD3CF" otype="FKIndexAssociation" vid_source="08B0B157-38E4-7321-25D2-8B7CD0E38B8D" vid_target="3FB5DC58-2424-6BAF-690B-325603715F08">
<hideElementsInCurrentOnly>false</hideElementsInCurrentOnly>
<backgroundColor>-16777216</backgroundColor>
<lineWidth>1</lineWidth>
<points>
<point x="1821" y="893"/>
<point x="520" y="237"/>
</points>
</Connector>
<Connector class="oracle.dbtools.crest.swingui.relational.TVFKRelation" oid="9BB8446E-0601-16BF-967F-068F8C5CB893" otype="FKIndexAssociation" vid_source="32F63D95-B843-FE29-1255-6C3B71206EB7" vid_target="BF253A31-E5A2-EB3A-B746-5D10FCAC970F">
<hideElementsInCurrentOnly>false</hideElementsInCurrentOnly>
<backgroundColor>-16777216</backgroundColor>
<lineWidth>1</lineWidth>
<points>
<point x="1654" y="717"/>
<point x="1654" y="551"/>
</points>
</Connector>
<Connector class="oracle.dbtools.crest.swingui.relational.TVFKRelation" oid="A7D6D974-7E9C-F038-41E9-43BBCF963AEC" otype="FKIndexAssociation" vid_source="579E39CC-E0F6-D35B-9876-313558167EA9" vid_target="4B2259B2-AF69-F20D-20DA-855B5EBA3DB4">
<hideElementsInCurrentOnly>false</hideElementsInCurrentOnly>
<backgroundColor>-16777216</backgroundColor>
<lineWidth>1</lineWidth>
<points>
<point x="898" y="229"/>
<point x="440" y="495"/>
</points>
</Connector>
<Connector class="oracle.dbtools.crest.swingui.relational.TVFKRelation" oid="AA89726D-6B49-C16E-AB4C-4598BD67BF7E" otype="FKIndexAssociation" vid_source="BAADD26F-912D-D3A4-331C-3C99F7670CF9" vid_target="57F42F69-B56F-0626-DFCA-6BC9794A4BCF">
<hideElementsInCurrentOnly>false</hideElementsInCurrentOnly>
<backgroundColor>-16777216</backgroundColor>
<lineWidth>1</lineWidth>
<points>
<point x="1293" y="749"/>
<point x="1264" y="679"/>
</points>
</Connector>
<Connector class="oracle.dbtools.crest.swingui.relational.TVFKRelation" oid="AF785188-E2D7-AFAD-98EC-75D162F44B4B" otype="FKIndexAssociation" vid_source="08B0B157-38E4-7321-25D2-8B7CD0E38B8D" vid_target="6D230745-FDE7-E1B3-7652-82A34971BD5C">
<hideElementsInCurrentOnly>false</hideElementsInCurrentOnly>
<backgroundColor>-16777216</backgroundColor>
<lineWidth>1</lineWidth>
<points>
<point x="1817" y="950"/>
<point x="1722" y="950"/>
</points>
</Connector>
<Connector class="oracle.dbtools.crest.swingui.relational.TVFKRelation" oid="C8433885-0BE9-A985-148A-1CB41E20696D" otype="FKIndexAssociation" vid_source="BAADD26F-912D-D3A4-331C-3C99F7670CF9" vid_target="32F63D95-B843-FE29-1255-6C3B71206EB7">
<hideElementsInCurrentOnly>false</hideElementsInCurrentOnly>
<backgroundColor>-16777216</backgroundColor>
<lineWidth>1</lineWidth>
<points>
<point x="1394" y="760"/>
<point x="1524" y="760"/>
</points>
</Connector>
<Connector class="oracle.dbtools.crest.swingui.relational.TVFKRelation" oid="D0DB2A99-A091-EC6D-85BF-CE269AE93DF0" otype="FKIndexAssociation" vid_source="FB3E0BE3-D7C7-78EF-E48F-4A7688298ADF" vid_target="3FB5DC58-2424-6BAF-690B-325603715F08">
<hideElementsInCurrentOnly>false</hideElementsInCurrentOnly>
<backgroundColor>-16777216</backgroundColor>
<lineWidth>1</lineWidth>
<points>
<point x="1853" y="1103"/>
<point x="520" y="249"/>
</points>
</Connector>
<Connector class="oracle.dbtools.crest.swingui.relational.TVFKRelation" oid="D6A552D9-8202-414F-6C3B-5282E634455F" otype="FKIndexAssociation" vid_source="8708D5E6-3101-ABD4-2B37-AF3479E820FF" vid_target="E89A94EF-E2A5-95BB-FFDA-01CF4D24AD62">
<hideElementsInCurrentOnly>false</hideElementsInCurrentOnly>
<backgroundColor>-16777216</backgroundColor>
<lineWidth>1</lineWidth>
<points>
<point x="1170" y="440"/>
<point x="390" y="440"/>
</points>
</Connector>
<Connector class="oracle.dbtools.crest.swingui.relational.TVFKRelation" oid="DC6C07CC-A3CD-266D-0596-628052148123" otype="FKIndexAssociation" vid_source="4F65E2FD-1202-2BBE-69C5-313ABD7466D9" vid_target="8708D5E6-3101-ABD4-2B37-AF3479E820FF">
<hideElementsInCurrentOnly>false</hideElementsInCurrentOnly>
<backgroundColor>-16777216</backgroundColor>
<lineWidth>1</lineWidth>
<points>
<point x="1803" y="394"/>
<point x="1403" y="394"/>
</points>
</Connector>
<Connector class="oracle.dbtools.crest.swingui.relational.TVFKRelation" oid="FBDB722D-2638-0CCA-9E98-EAC4234F5164" otype="FKIndexAssociation" vid_source="6D230745-FDE7-E1B3-7652-82A34971BD5C" vid_target="25FCF03B-19B3-1B4D-A0C9-6FD7DD3B9E32">
<hideElementsInCurrentOnly>false</hideElementsInCurrentOnly>
<backgroundColor>-16777216</backgroundColor>
<lineWidth>1</lineWidth>
<points>
<point x="1449" y="974"/>
<point x="1061" y="974"/>
</points>
</Connector>
</connectors>
</Diagram>
