<?xml version = '1.0' encoding = 'UTF-8'?>
<FKIndexAssociation class="oracle.dbtools.crest.model.design.relational.FKIndexAssociation" directorySegmentName="seg_0" id="4DCD2558-26E6-410B-8D31-2C4CA67137A0" containerWithKeyObject="F95722BE-4046-C886-74D1-B32A187EE7A0" localFKIndex="C8DE5493-381F-2CDC-AFC1-3209CB3BA80A" name="authority_street">
<createdBy>sheandefonseka</createdBy>
<createdTime>2023-05-01 07:28:07 UTC</createdTime>
<generatorID>2B607CAC-20F3-119C-A4FA-B65C539C486A</generatorID>
<ownerDesignName>cui_oraclemodel</ownerDesignName>
<referredTableLongName>LOCAL_AUTHORITY</referredTableLongName>
<deleteRule>NO ACTION</deleteRule>
<referredTableID>65DF82BE-D667-E4E8-F237-4B79AE894550</referredTableID>
<keyObject>10B0E8CD-E9FD-4FA3-5266-CCD25309E47C</keyObject>
<referredKeyID>10B0E8CD-E9FD-4FA3-5266-CCD25309E47C</referredKeyID>
<mandatory>true</mandatory>
<refColNames>authority_name</refColNames>
<transferable>true</transferable>
<rely>false</rely>
<columnDependencyConstraintGenerateInDDL>true</columnDependencyConstraintGenerateInDDL>
</FKIndexAssociation>