<?xml version = '1.0' encoding = 'UTF-8'?>
<Entity class="oracle.dbtools.crest.model.design.logical.Entity" directorySegmentName="seg_0" id="0F0C4333-F79A-5B68-B0A5-CCB5EE7E4E56" name="CONTRACT">
<createdBy>a726928</createdBy>
<createdTime>2023-05-01 08:34:19 UTC</createdTime>
<ownerDesignName>cui_oraclemodel</ownerDesignName>
<engineerTo>
<item key="F17559B2-635A-3F8E-895F-4E562DD78296" value="true"/>
</engineerTo>
<adequatelyNormalized>NO</adequatelyNormalized>
<expectedVolumes>0</expectedVolumes>
<fwdEngineeringStrategyName>Single Table</fwdEngineeringStrategyName>
<growthPercent>0</growthPercent>
<growthType>Year</growthType>
<maxVolumes>9999999</maxVolumes>
<minVolumes>0</minVolumes>
<normalForm>Third</normalForm>
<attributes itemClass="oracle.dbtools.crest.model.design.logical.Attribute">
<Attribute name="contract_number" id="FDFA04C2-D307-82E2-DFE4-2C9FBFD05DA5">
<createdBy>a726928</createdBy>
<createdTime>2023-05-01 08:34:47 UTC</createdTime>
<commentInRDBMS><![CDATA[contract number, which is unique]]></commentInRDBMS>
<ownerDesignName>cui_oraclemodel</ownerDesignName>
<engineerTo>
<item key="F17559B2-635A-3F8E-895F-4E562DD78296" value="true"/>
</engineerTo>
<useDomainConstraints>false</useDomainConstraints>
<use>1</use>
<logicalDatatype>LOGDT019</logicalDatatype>
<dataTypePrecision>7</dataTypePrecision>
<ownDataTypeParameters>,7,</ownDataTypeParameters>
</Attribute>
<Attribute name="contract_start_date" id="BAC59661-C666-866C-944D-49CBB00264F2">
<createdBy>a726928</createdBy>
<createdTime>2023-05-01 08:37:18 UTC</createdTime>
<commentInRDBMS><![CDATA[contract satrt date]]></commentInRDBMS>
<ownerDesignName>cui_oraclemodel</ownerDesignName>
<engineerTo>
<item key="F17559B2-635A-3F8E-895F-4E562DD78296" value="true"/>
</engineerTo>
<useDomainConstraints>false</useDomainConstraints>
<use>1</use>
<logicalDatatype>LOGDT007</logicalDatatype>
<ownDataTypeParameters>,,</ownDataTypeParameters>
</Attribute>
<Attribute name="contract_end_date" id="8269A749-01B7-665C-F196-E3DD34081F70">
<createdBy>a726928</createdBy>
<createdTime>2023-05-01 08:37:56 UTC</createdTime>
<commentInRDBMS><![CDATA[contract end date]]></commentInRDBMS>
<ownerDesignName>cui_oraclemodel</ownerDesignName>
<engineerTo>
<item key="F17559B2-635A-3F8E-895F-4E562DD78296" value="true"/>
</engineerTo>
<useDomainConstraints>false</useDomainConstraints>
<use>1</use>
<logicalDatatype>LOGDT007</logicalDatatype>
<ownDataTypeParameters>,,</ownDataTypeParameters>
</Attribute>
<Attribute name="authority_name" id="BB579562-FD5A-383E-AC5F-0EA19CF5210A">
<createdBy>sheandefonseka</createdBy>
<createdTime>2023-05-01 14:03:33 UTC</createdTime>
<commentInRDBMS><![CDATA[The local authority's name (which is unique)]]></commentInRDBMS>
<generatorID>0809F574-A0AA-8E18-EB45-7D83A90C9B25</generatorID>
<ownerDesignName>cui_oraclemodel</ownerDesignName>
<engineerTo>
<item key="F17559B2-635A-3F8E-895F-4E562DD78296" value="true"/>
</engineerTo>
<referedAttribute>99134BE5-66FF-F645-9B7B-3F13768DFE19</referedAttribute>
<useDomainConstraints>false</useDomainConstraints>
<use>1</use>
<logicalDatatype>LOGDT024</logicalDatatype>
<dataTypeSize>35</dataTypeSize>
<ownDataTypeParameters>,,</ownDataTypeParameters>
</Attribute>
<Attribute name="collection_frequency" id="51E245A2-3737-6377-7E93-86A2BEFC54E5">
<createdBy>sheandefonseka</createdBy>
<createdTime>2023-05-02 13:14:34 UTC</createdTime>
<commentInRDBMS><![CDATA[Collection frequency of bins.]]></commentInRDBMS>
<ownerDesignName>cui_oraclemodel</ownerDesignName>
<engineerTo>
<item key="F17559B2-635A-3F8E-895F-4E562DD78296" value="true"/>
</engineerTo>
<constraintName>chk_collections</constraintName>
<useDomainConstraints>false</useDomainConstraints>
<use>1</use>
<logicalDatatype>LOGDT024</logicalDatatype>
<dataTypeSize>50</dataTypeSize>
<listOfValues>
<valueDef value="F" description="Fortnightly"/>
<valueDef value="M" description="Monthly"/>
<valueDef value="W" description="Weekly"/>
</listOfValues>
<ownDataTypeParameters>50,,</ownDataTypeParameters>
</Attribute>
</attributes>
<identifiers itemClass="oracle.dbtools.crest.model.design.logical.CandidateKey">
<identifier id="2C3FEA99-31DF-9422-AB3F-EF34857104A3" name="CONTRACT PK">
<createdBy>a726928</createdBy>
<createdTime>2023-05-01 08:37:07 UTC</createdTime>
<ownerDesignName>cui_oraclemodel</ownerDesignName>
<engineerTo>
<item key="F17559B2-635A-3F8E-895F-4E562DD78296" value="true"/>
</engineerTo>
<pk>true</pk>
<usedAttributes>
<attributeRef>FDFA04C2-D307-82E2-DFE4-2C9FBFD05DA5</attributeRef>
</usedAttributes>
</identifier>
</identifiers>
</Entity>
