<?xml version = '1.0' encoding = 'UTF-8'?>
<Entity class="oracle.dbtools.crest.model.design.logical.Entity" directorySegmentName="seg_0" id="3242BEDF-C18F-D06F-FFDF-5EC4D54DD4D8" name="WASTE_TYPE">
<createdBy>a726928</createdBy>
<createdTime>2023-05-01 09:19:54 UTC</createdTime>
<ownerDesignName>cui_oraclemodel</ownerDesignName>
<engineerTo>
<item key="F17559B2-635A-3F8E-895F-4E562DD78296" value="true"/>
</engineerTo>
<adequatelyNormalized>NO</adequatelyNormalized>
<expectedVolumes>0</expectedVolumes>
<fwdEngineeringStrategyName>Single Table</fwdEngineeringStrategyName>
<growthPercent>0</growthPercent>
<growthType>Year</growthType>
<maxVolumes>9999999</maxVolumes>
<minVolumes>0</minVolumes>
<normalForm>Third</normalForm>
<attributes itemClass="oracle.dbtools.crest.model.design.logical.Attribute">
<Attribute name="waste_type_id" id="47F665F4-9F8C-8E86-8DBF-567D908E6C71">
<createdBy>a726928</createdBy>
<createdTime>2023-05-01 09:20:21 UTC</createdTime>
<commentInRDBMS><![CDATA[aste type id, which is unique]]></commentInRDBMS>
<ownerDesignName>cui_oraclemodel</ownerDesignName>
<engineerTo>
<item key="F17559B2-635A-3F8E-895F-4E562DD78296" value="true"/>
</engineerTo>
<useDomainConstraints>false</useDomainConstraints>
<use>1</use>
<logicalDatatype>LOGDT019</logicalDatatype>
<dataTypePrecision>7</dataTypePrecision>
<ownDataTypeParameters>,7,</ownDataTypeParameters>
</Attribute>
<Attribute name="waste_type_description" id="0B92774E-0C3A-4CE3-1341-A964AB4522D8">
<createdBy>a726928</createdBy>
<createdTime>2023-05-01 09:23:44 UTC</createdTime>
<commentInRDBMS><![CDATA[waste type description]]></commentInRDBMS>
<ownerDesignName>cui_oraclemodel</ownerDesignName>
<engineerTo>
<item key="F17559B2-635A-3F8E-895F-4E562DD78296" value="true"/>
</engineerTo>
<useDomainConstraints>false</useDomainConstraints>
<use>1</use>
<logicalDatatype>LOGDT024</logicalDatatype>
<dataTypeSize>50</dataTypeSize>
<ownDataTypeParameters>50,,</ownDataTypeParameters>
</Attribute>
</attributes>
<identifiers itemClass="oracle.dbtools.crest.model.design.logical.CandidateKey">
<identifier id="25F639B3-6607-0F8E-5036-79C2F634DFEC" name="WASTE_TYPE PK">
<createdBy>a726928</createdBy>
<createdTime>2023-05-01 09:20:43 UTC</createdTime>
<ownerDesignName>cui_oraclemodel</ownerDesignName>
<engineerTo>
<item key="F17559B2-635A-3F8E-895F-4E562DD78296" value="true"/>
</engineerTo>
<pk>true</pk>
<usedAttributes>
<attributeRef>47F665F4-9F8C-8E86-8DBF-567D908E6C71</attributeRef>
</usedAttributes>
</identifier>
</identifiers>
</Entity>
