<?xml version = '1.0' encoding = 'UTF-8'?>
<Entity class="oracle.dbtools.crest.model.design.logical.Entity" directorySegmentName="seg_0" id="32E30795-AB46-CF96-4D55-5CFA2A85EEE5" name="INFORMATION">
<createdBy>a726928</createdBy>
<createdTime>2023-05-02 12:23:36 UTC</createdTime>
<ownerDesignName>cui_oraclemodel</ownerDesignName>
<engineerTo>
<item key="F17559B2-635A-3F8E-895F-4E562DD78296" value="true"/>
</engineerTo>
<adequatelyNormalized>NO</adequatelyNormalized>
<expectedVolumes>0</expectedVolumes>
<fwdEngineeringStrategyName>Single Table</fwdEngineeringStrategyName>
<growthPercent>0</growthPercent>
<growthType>Year</growthType>
<maxVolumes>9999999</maxVolumes>
<minVolumes>0</minVolumes>
<normalForm>Third</normalForm>
<attributes itemClass="oracle.dbtools.crest.model.design.logical.Attribute">
<Attribute name="licence_number" id="F1005863-8630-0C3C-69ED-8872C1C8BB80">
<createdBy>a726928</createdBy>
<createdTime>2023-05-02 12:23:49 UTC</createdTime>
<commentInRDBMS><![CDATA[licence number]]></commentInRDBMS>
<ownerDesignName>cui_oraclemodel</ownerDesignName>
<engineerTo>
<item key="F17559B2-635A-3F8E-895F-4E562DD78296" value="true"/>
</engineerTo>
<useDomainConstraints>false</useDomainConstraints>
<use>1</use>
<logicalDatatype>LOGDT019</logicalDatatype>
<dataTypePrecision>9</dataTypePrecision>
<ownDataTypeParameters>,9,</ownDataTypeParameters>
</Attribute>
<Attribute name="licence_givname" id="066AC3B3-25DA-ECB7-A6F5-DA98310D8C1A">
<createdBy>a726928</createdBy>
<createdTime>2023-05-02 12:24:25 UTC</createdTime>
<commentInRDBMS><![CDATA[licence_givname]]></commentInRDBMS>
<ownerDesignName>cui_oraclemodel</ownerDesignName>
<engineerTo>
<item key="F17559B2-635A-3F8E-895F-4E562DD78296" value="true"/>
</engineerTo>
<useDomainConstraints>false</useDomainConstraints>
<use>1</use>
<logicalDatatype>LOGDT024</logicalDatatype>
<dataTypeSize>35</dataTypeSize>
<ownDataTypeParameters>35,,</ownDataTypeParameters>
</Attribute>
<Attribute name="licence_famname" id="359A93F8-75EA-0E7B-5ED4-73DEEEE22570">
<createdBy>a726928</createdBy>
<createdTime>2023-05-02 12:25:06 UTC</createdTime>
<commentInRDBMS><![CDATA[licence famname]]></commentInRDBMS>
<ownerDesignName>cui_oraclemodel</ownerDesignName>
<engineerTo>
<item key="F17559B2-635A-3F8E-895F-4E562DD78296" value="true"/>
</engineerTo>
<useDomainConstraints>false</useDomainConstraints>
<use>1</use>
<logicalDatatype>LOGDT024</logicalDatatype>
<dataTypeSize>35</dataTypeSize>
<ownDataTypeParameters>35,,</ownDataTypeParameters>
</Attribute>
<Attribute name="licence_dateofbirth" id="120715E3-9AA9-A69D-1556-75A633F3BA4E">
<createdBy>a726928</createdBy>
<createdTime>2023-05-02 12:25:40 UTC</createdTime>
<commentInRDBMS><![CDATA[licence date of birth]]></commentInRDBMS>
<ownerDesignName>cui_oraclemodel</ownerDesignName>
<engineerTo>
<item key="F17559B2-635A-3F8E-895F-4E562DD78296" value="true"/>
</engineerTo>
<useDomainConstraints>false</useDomainConstraints>
<use>1</use>
<logicalDatatype>LOGDT007</logicalDatatype>
<ownDataTypeParameters>,,</ownDataTypeParameters>
</Attribute>
<Attribute name="taxfile_number" id="2960CD33-C924-CE61-ECA6-EADD211670A5">
<createdBy>a726928</createdBy>
<createdTime>2023-05-02 12:26:14 UTC</createdTime>
<commentInRDBMS><![CDATA[taxfile number]]></commentInRDBMS>
<ownerDesignName>cui_oraclemodel</ownerDesignName>
<engineerTo>
<item key="F17559B2-635A-3F8E-895F-4E562DD78296" value="true"/>
</engineerTo>
<useDomainConstraints>false</useDomainConstraints>
<use>1</use>
<logicalDatatype>LOGDT019</logicalDatatype>
<dataTypePrecision>9</dataTypePrecision>
<ownDataTypeParameters>,9,</ownDataTypeParameters>
</Attribute>
</attributes>
<identifiers itemClass="oracle.dbtools.crest.model.design.logical.CandidateKey">
<identifier id="7928A7E2-38B7-FA58-46F2-2EDFE56D540E" name="INFORMATION PK">
<createdBy>a726928</createdBy>
<createdTime>2023-05-02 12:24:22 UTC</createdTime>
<ownerDesignName>cui_oraclemodel</ownerDesignName>
<engineerTo>
<item key="F17559B2-635A-3F8E-895F-4E562DD78296" value="true"/>
</engineerTo>
<pk>true</pk>
<usedAttributes>
<attributeRef>F1005863-8630-0C3C-69ED-8872C1C8BB80</attributeRef>
</usedAttributes>
</identifier>
</identifiers>
</Entity>
