<?xml version = '1.0' encoding = 'UTF-8'?>
<Entity class="oracle.dbtools.crest.model.design.logical.Entity" directorySegmentName="seg_0" id="7B353891-A115-A357-7390-25001DE36B73" name="OWNER">
<createdBy>a726928</createdBy>
<createdTime>2023-05-01 08:05:03 UTC</createdTime>
<ownerDesignName>cui_oraclemodel</ownerDesignName>
<engineerTo>
<item key="F17559B2-635A-3F8E-895F-4E562DD78296" value="true"/>
</engineerTo>
<adequatelyNormalized>NO</adequatelyNormalized>
<expectedVolumes>0</expectedVolumes>
<fwdEngineeringStrategyName>Single Table</fwdEngineeringStrategyName>
<growthPercent>0</growthPercent>
<growthType>Year</growthType>
<maxVolumes>9999999</maxVolumes>
<minVolumes>0</minVolumes>
<normalForm>Third</normalForm>
<attributes itemClass="oracle.dbtools.crest.model.design.logical.Attribute">
<Attribute name="owner_id" id="74EF6852-7DC9-4045-8689-CA968B78AC8F">
<createdBy>a726928</createdBy>
<createdTime>2023-05-01 08:05:17 UTC</createdTime>
<commentInRDBMS><![CDATA[the owner id, which is unique.]]></commentInRDBMS>
<ownerDesignName>cui_oraclemodel</ownerDesignName>
<engineerTo>
<item key="F17559B2-635A-3F8E-895F-4E562DD78296" value="true"/>
</engineerTo>
<useDomainConstraints>false</useDomainConstraints>
<use>1</use>
<logicalDatatype>LOGDT019</logicalDatatype>
<dataTypePrecision>7</dataTypePrecision>
<ownDataTypeParameters>,7,</ownDataTypeParameters>
</Attribute>
<Attribute name="owner_name" id="4C2735A9-C7CA-F144-05EF-0FE289194293">
<createdBy>a726928</createdBy>
<createdTime>2023-05-01 08:05:50 UTC</createdTime>
<commentInRDBMS><![CDATA[owner name]]></commentInRDBMS>
<ownerDesignName>cui_oraclemodel</ownerDesignName>
<engineerTo>
<item key="F17559B2-635A-3F8E-895F-4E562DD78296" value="true"/>
</engineerTo>
<useDomainConstraints>false</useDomainConstraints>
<use>1</use>
<logicalDatatype>LOGDT024</logicalDatatype>
<dataTypeSize>25</dataTypeSize>
<ownDataTypeParameters>25,,</ownDataTypeParameters>
</Attribute>
<Attribute name="owner_email_address" id="5E3E7D45-B16D-C550-5710-B1F80EB33CAC">
<createdBy>a726928</createdBy>
<createdTime>2023-05-01 08:11:51 UTC</createdTime>
<commentInRDBMS><![CDATA[owner email address]]></commentInRDBMS>
<ownerDesignName>cui_oraclemodel</ownerDesignName>
<engineerTo>
<item key="F17559B2-635A-3F8E-895F-4E562DD78296" value="true"/>
</engineerTo>
<useDomainConstraints>false</useDomainConstraints>
<use>1</use>
<logicalDatatype>LOGDT024</logicalDatatype>
<dataTypeSize>30</dataTypeSize>
<ownDataTypeParameters>30,,</ownDataTypeParameters>
</Attribute>
<Attribute name="email_phone_number" id="6E08B842-A268-ADB5-7AC0-CBA01E85A5AA">
<createdBy>a726928</createdBy>
<createdTime>2023-05-01 08:13:03 UTC</createdTime>
<commentInRDBMS><![CDATA[email phone number]]></commentInRDBMS>
<ownerDesignName>cui_oraclemodel</ownerDesignName>
<engineerTo>
<item key="F17559B2-635A-3F8E-895F-4E562DD78296" value="true"/>
</engineerTo>
<useDomainConstraints>false</useDomainConstraints>
<use>1</use>
<logicalDatatype>LOGDT024</logicalDatatype>
<dataTypeSize>15</dataTypeSize>
<ownDataTypeParameters>15,,</ownDataTypeParameters>
</Attribute>
</attributes>
<identifiers itemClass="oracle.dbtools.crest.model.design.logical.CandidateKey">
<identifier id="69FEFE22-AB88-52BC-6D4A-A6B3651FFDF5" name="OWNER PK">
<createdBy>a726928</createdBy>
<createdTime>2023-05-01 08:05:44 UTC</createdTime>
<ownerDesignName>cui_oraclemodel</ownerDesignName>
<engineerTo>
<item key="F17559B2-635A-3F8E-895F-4E562DD78296" value="true"/>
</engineerTo>
<pk>true</pk>
<usedAttributes>
<attributeRef>74EF6852-7DC9-4045-8689-CA968B78AC8F</attributeRef>
</usedAttributes>
</identifier>
</identifiers>
</Entity>
