<?xml version = '1.0' encoding = 'UTF-8'?>
<Entity class="oracle.dbtools.crest.model.design.logical.Entity" directorySegmentName="seg_0" id="9D3610D3-A501-84F3-2C53-AC163AC6D6AB" name="DRIVER">
<createdBy>a726928</createdBy>
<createdTime>2023-05-02 12:28:03 UTC</createdTime>
<ownerDesignName>cui_oraclemodel</ownerDesignName>
<engineerTo>
<item key="F17559B2-635A-3F8E-895F-4E562DD78296" value="true"/>
</engineerTo>
<adequatelyNormalized>NO</adequatelyNormalized>
<expectedVolumes>0</expectedVolumes>
<fwdEngineeringStrategyName>Single Table</fwdEngineeringStrategyName>
<growthPercent>0</growthPercent>
<growthType>Year</growthType>
<maxVolumes>9999999</maxVolumes>
<minVolumes>0</minVolumes>
<normalForm>Third</normalForm>
<attributes itemClass="oracle.dbtools.crest.model.design.logical.Attribute">
<Attribute name="driver_number" id="CD97969F-3F92-EA23-3956-CD9B8CB72361">
<createdBy>a726928</createdBy>
<createdTime>2023-05-02 12:28:18 UTC</createdTime>
<commentInRDBMS><![CDATA[driver number,which is unique.]]></commentInRDBMS>
<ownerDesignName>cui_oraclemodel</ownerDesignName>
<engineerTo>
<item key="F17559B2-635A-3F8E-895F-4E562DD78296" value="true"/>
</engineerTo>
<useDomainConstraints>false</useDomainConstraints>
<use>1</use>
<logicalDatatype>LOGDT019</logicalDatatype>
<dataTypePrecision>7</dataTypePrecision>
<ownDataTypeParameters>,7,</ownDataTypeParameters>
</Attribute>
<Attribute name="driver_contract_number" id="696B6B97-2BCC-8B1E-40CC-3608D10498D4">
<createdBy>a726928</createdBy>
<createdTime>2023-05-02 12:29:37 UTC</createdTime>
<commentInRDBMS><![CDATA[driver contract number]]></commentInRDBMS>
<ownerDesignName>cui_oraclemodel</ownerDesignName>
<engineerTo>
<item key="F17559B2-635A-3F8E-895F-4E562DD78296" value="true"/>
</engineerTo>
<useDomainConstraints>false</useDomainConstraints>
<use>1</use>
<logicalDatatype>LOGDT019</logicalDatatype>
<dataTypePrecision>7</dataTypePrecision>
<ownDataTypeParameters>,7,</ownDataTypeParameters>
</Attribute>
<Attribute name="licence_number" id="4CA6B06B-4A74-CB6A-86A8-A6CDE8D09A67">
<createdBy>sheandefonseka</createdBy>
<createdTime>2023-05-02 13:17:33 UTC</createdTime>
<commentInRDBMS><![CDATA[licence number]]></commentInRDBMS>
<generatorID>D2687C81-F791-266D-3949-F081BB888DDC</generatorID>
<ownerDesignName>cui_oraclemodel</ownerDesignName>
<engineerTo>
<item key="F17559B2-635A-3F8E-895F-4E562DD78296" value="true"/>
</engineerTo>
<referedAttribute>F1005863-8630-0C3C-69ED-8872C1C8BB80</referedAttribute>
<useDomainConstraints>false</useDomainConstraints>
<use>1</use>
<logicalDatatype>LOGDT019</logicalDatatype>
<dataTypePrecision>9</dataTypePrecision>
<ownDataTypeParameters>,,</ownDataTypeParameters>
</Attribute>
</attributes>
<identifiers itemClass="oracle.dbtools.crest.model.design.logical.CandidateKey">
<identifier id="2A64D7DD-504D-B660-D0B4-C04B29ECB6BA" name="DRIVER PK">
<createdBy>a726928</createdBy>
<createdTime>2023-05-02 12:28:52 UTC</createdTime>
<ownerDesignName>cui_oraclemodel</ownerDesignName>
<engineerTo>
<item key="F17559B2-635A-3F8E-895F-4E562DD78296" value="true"/>
</engineerTo>
<pk>true</pk>
<usedAttributes>
<attributeRef>CD97969F-3F92-EA23-3956-CD9B8CB72361</attributeRef>
</usedAttributes>
</identifier>
</identifiers>
</Entity>
