<?xml version = '1.0' encoding = 'UTF-8'?>
<Entity class="oracle.dbtools.crest.model.design.logical.Entity" directorySegmentName="seg_0" id="A9B7BBF2-57A4-26B4-6C27-539E49885FBD" name="CONTRACT_WASTE_COST">
<createdBy>a726928</createdBy>
<createdTime>2023-05-01 08:59:36 UTC</createdTime>
<ownerDesignName>cui_oraclemodel</ownerDesignName>
<engineerTo>
<item key="F17559B2-635A-3F8E-895F-4E562DD78296" value="true"/>
</engineerTo>
<adequatelyNormalized>NO</adequatelyNormalized>
<expectedVolumes>0</expectedVolumes>
<fwdEngineeringStrategyName>Single Table</fwdEngineeringStrategyName>
<growthPercent>0</growthPercent>
<growthType>Year</growthType>
<maxVolumes>9999999</maxVolumes>
<minVolumes>0</minVolumes>
<normalForm>Third</normalForm>
<attributes itemClass="oracle.dbtools.crest.model.design.logical.Attribute">
<Attribute name="collected_kg" id="1162F6A0-9682-BA35-BF8F-AE104C0E0607">
<createdBy>sheandefonseka</createdBy>
<createdTime>2023-05-02 11:08:28 UTC</createdTime>
<commentInRDBMS><![CDATA[The weight of the respective bin.]]></commentInRDBMS>
<ownerDesignName>cui_oraclemodel</ownerDesignName>
<engineerTo>
<item key="F17559B2-635A-3F8E-895F-4E562DD78296" value="true"/>
</engineerTo>
<useDomainConstraints>false</useDomainConstraints>
<use>1</use>
<logicalDatatype>LOGDT019</logicalDatatype>
<dataTypePrecision>4</dataTypePrecision>
<ownDataTypeParameters>,4,</ownDataTypeParameters>
</Attribute>
<Attribute name="overweight" id="BF1C3225-2DB8-F703-34D4-18E724288ACC">
<createdBy>sheandefonseka</createdBy>
<createdTime>2023-05-02 11:08:51 UTC</createdTime>
<commentInRDBMS><![CDATA[Is the bin overweight or not.]]></commentInRDBMS>
<ownerDesignName>cui_oraclemodel</ownerDesignName>
<engineerTo>
<item key="F17559B2-635A-3F8E-895F-4E562DD78296" value="true"/>
</engineerTo>
<useDomainConstraints>false</useDomainConstraints>
<use>1</use>
<logicalDatatype>LOGDT025</logicalDatatype>
<dataTypeSize>1</dataTypeSize>
<ownDataTypeParameters>1,,</ownDataTypeParameters>
</Attribute>
<Attribute name="date_of_collection" id="1813AB70-B4BC-1FB4-152C-883624661851">
<createdBy>sheandefonseka</createdBy>
<createdTime>2023-05-02 13:25:06 UTC</createdTime>
<commentInRDBMS><![CDATA[The date of collection for the bins.]]></commentInRDBMS>
<generatorID>8C50A0D5-9AB2-5843-DBCC-E33C32C5AFCE</generatorID>
<ownerDesignName>cui_oraclemodel</ownerDesignName>
<engineerTo>
<item key="F17559B2-635A-3F8E-895F-4E562DD78296" value="true"/>
</engineerTo>
<referedAttribute>D272D98E-1247-DC34-7D21-35E49ECD7494</referedAttribute>
<useDomainConstraints>false</useDomainConstraints>
<use>1</use>
<logicalDatatype>LOGDT007</logicalDatatype>
<ownDataTypeParameters>,,</ownDataTypeParameters>
</Attribute>
<Attribute name="bin_rfid_tag" id="9404CE40-8BC9-F54B-9CEA-63959162D822">
<createdBy>sheandefonseka</createdBy>
<createdTime>2023-05-02 13:25:51 UTC</createdTime>
<commentInRDBMS><![CDATA[bin rfid tag, which is unique]]></commentInRDBMS>
<generatorID>468E5E46-3528-A410-B8D8-FEE904FB5DB8</generatorID>
<ownerDesignName>cui_oraclemodel</ownerDesignName>
<engineerTo>
<item key="F17559B2-635A-3F8E-895F-4E562DD78296" value="true"/>
</engineerTo>
<referedAttribute>55A07B22-BCC5-A45B-CF6D-667A69BE9DEA</referedAttribute>
<useDomainConstraints>false</useDomainConstraints>
<use>1</use>
<logicalDatatype>LOGDT024</logicalDatatype>
<dataTypeSize>16</dataTypeSize>
<ownDataTypeParameters>,,</ownDataTypeParameters>
</Attribute>
</attributes>
<identifiers itemClass="oracle.dbtools.crest.model.design.logical.CandidateKey">
<identifier id="5D81B856-4785-1609-279F-8276D5BD1CD0" name="CONTRACT_WASTE_COAST PK">
<createdBy>a726928</createdBy>
<createdTime>2023-05-01 09:02:52 UTC</createdTime>
<ownerDesignName>cui_oraclemodel</ownerDesignName>
<engineerTo>
<item key="F17559B2-635A-3F8E-895F-4E562DD78296" value="true"/>
</engineerTo>
<pk>true</pk>
<usedAttributes>
<attributeRef>9404CE40-8BC9-F54B-9CEA-63959162D822</attributeRef>
<attributeRef>1813AB70-B4BC-1FB4-152C-883624661851</attributeRef>
</usedAttributes>
</identifier>
</identifiers>
</Entity>
