<?xml version = '1.0' encoding = 'UTF-8'?>
<Entity class="oracle.dbtools.crest.model.design.logical.Entity" directorySegmentName="seg_0" id="F8A38D21-21DB-1462-B774-A703B744D541" name="PROPERTY">
<createdBy>a726928</createdBy>
<createdTime>2023-05-01 07:51:12 UTC</createdTime>
<ownerDesignName>cui_oraclemodel</ownerDesignName>
<engineerTo>
<item key="F17559B2-635A-3F8E-895F-4E562DD78296" value="true"/>
</engineerTo>
<adequatelyNormalized>NO</adequatelyNormalized>
<expectedVolumes>0</expectedVolumes>
<fwdEngineeringStrategyName>Single Table</fwdEngineeringStrategyName>
<growthPercent>0</growthPercent>
<growthType>Year</growthType>
<maxVolumes>9999999</maxVolumes>
<minVolumes>0</minVolumes>
<normalForm>Third</normalForm>
<attributes itemClass="oracle.dbtools.crest.model.design.logical.Attribute">
<Attribute name="street_id" id="1CF88FD2-D371-EDC4-4D6B-33D5B6E62E68">
<createdBy>a726928</createdBy>
<createdTime>2023-05-01 07:52:29 UTC</createdTime>
<commentInRDBMS><![CDATA[This is the street/road id.]]></commentInRDBMS>
<generatorID>5BDB458E-EFF5-E5FF-0B8D-BB75D5139F2D</generatorID>
<ownerDesignName>cui_oraclemodel</ownerDesignName>
<engineerTo>
<item key="F17559B2-635A-3F8E-895F-4E562DD78296" value="true"/>
</engineerTo>
<referedAttribute>627D3DE9-F784-2FBB-86DC-DA62AF707DAF</referedAttribute>
<useDomainConstraints>false</useDomainConstraints>
<use>1</use>
<logicalDatatype>LOGDT019</logicalDatatype>
<dataTypePrecision>7</dataTypePrecision>
<ownDataTypeParameters>,,</ownDataTypeParameters>
</Attribute>
<Attribute name="property_street_number" id="91BE140B-3559-5F1B-FA7C-A7874BB0B122">
<createdBy>a726928</createdBy>
<createdTime>2023-05-01 07:53:38 UTC</createdTime>
<commentInRDBMS><![CDATA[property_street_number]]></commentInRDBMS>
<ownerDesignName>cui_oraclemodel</ownerDesignName>
<engineerTo>
<item key="F17559B2-635A-3F8E-895F-4E562DD78296" value="true"/>
</engineerTo>
<useDomainConstraints>false</useDomainConstraints>
<use>1</use>
<logicalDatatype>LOGDT019</logicalDatatype>
<dataTypePrecision>3</dataTypePrecision>
<ownDataTypeParameters>,3,</ownDataTypeParameters>
</Attribute>
<Attribute name="authority_name" id="D989FB5E-E1A9-C14E-290A-3E5AE22CE526">
<createdBy>sheandefonseka</createdBy>
<createdTime>2023-05-01 14:04:53 UTC</createdTime>
<commentInRDBMS><![CDATA[The local authority's name (which is unique)]]></commentInRDBMS>
<generatorID>5BDB458E-EFF5-E5FF-0B8D-BB75D5139F2D</generatorID>
<ownerDesignName>cui_oraclemodel</ownerDesignName>
<engineerTo>
<item key="F17559B2-635A-3F8E-895F-4E562DD78296" value="true"/>
</engineerTo>
<referedAttribute>D14748F4-C031-9315-703A-378588F8643C</referedAttribute>
<useDomainConstraints>false</useDomainConstraints>
<use>1</use>
<logicalDatatype>LOGDT024</logicalDatatype>
<dataTypeSize>45</dataTypeSize>
<ownDataTypeParameters>45,,</ownDataTypeParameters>
</Attribute>
</attributes>
<identifiers itemClass="oracle.dbtools.crest.model.design.logical.CandidateKey">
<identifier id="2CB72BD2-A878-B14D-6257-8874267920B2" name="PROPERTY PK">
<createdBy>a726928</createdBy>
<createdTime>2023-05-01 07:54:11 UTC</createdTime>
<ownerDesignName>cui_oraclemodel</ownerDesignName>
<engineerTo>
<item key="F17559B2-635A-3F8E-895F-4E562DD78296" value="true"/>
</engineerTo>
<pk>true</pk>
<usedAttributes>
<attributeRef>91BE140B-3559-5F1B-FA7C-A7874BB0B122</attributeRef>
<attributeRef>1CF88FD2-D371-EDC4-4D6B-33D5B6E62E68</attributeRef>
<attributeRef>D989FB5E-E1A9-C14E-290A-3E5AE22CE526</attributeRef>
</usedAttributes>
</identifier>
</identifiers>
</Entity>
